id,name,createdAt,temperature,grind,tasty,note,total time,average flowrate,total weight,brew data
"NZuGBQpV8J","Espresso, Full Circle, Brazil","2020/09/02 10:09:01","92","3.8","3","[{”batch_name”:”Sao Joao”, ”roast_date”:”2020-08-18”, “variety”:”bourbon”, “roast”:”medium”, ”dose”:18.1}]","33","1.05","35.639999389648","0.00;0.00;0.00;0.00;0.00;0.00;0.00;0.00;0.00;0.00;0.00;0.00;0.00;0.00;0.00;0.00;0.00;0.00;0.00;0.00;0.00;0.00;0.00;0.00;0.00;0.00;0.00;0.00;0.00;0.00;0.00;0.00;0.00;0.00;0.00;0.00;0.00;0.00;0.00;0.00;0.00;0.00;0.00;0.00;0.00;0.00;0.00;0.00;0.00;0.00;0.00;0.00;1.33;1.33;1.69;2.12;2.23;2.37;2.74;2.91;3.05;3.06;3.34;3.54;3.64;3.83;4.02;4.17;4.38;4.55;4.65;4.81;5.08;5.09;5.41;5.62;5.80;5.94;6.18;6.26;6.41;6.87;6.98;7.14;7.44;7.66;7.88;8.16;8.32;8.55;8.80;9.03;9.35;9.68;9.95;10.29;10.59;10.74;11.18;11.53;11.68;12.07;12.40;12.55;13.08;13.43;13.60;13.99;14.17;14.57;14.93;15.58;15.93;16.08;16.58;16.93;17.39;17.78;18.20;18.54;19.02;19.46;19.90;20.35;20.50;20.93;21.42;21.86;22.36;22.83;23.00;23.49;23.93;24.43;24.88;25.28;25.79;26.32;26.52;26.98;27.67;27.91;28.37;28.87;29.35;29.92;30.28;30.76;30.96;31.51;31.95;32.48;33.00;33.47;33.87;34.34;34.80;35.01;35.36;35.45;35.56;35.57;35.57;35.57;35.59;35.61;35.61;35.62;35.64;"
"LXorZmAdsk","Espresso, Full Circle, Brazil","2020/09/02 10:03:34","92","3.8","3","[{”batch_name”:”Sao Joao”, ”roast_date”:”2020-08-18”, “variety”:”bourbon”, “roast”:”medium”, ”dose”:18.1}]","37","0.95","36.169998168945","0.00;0.00;0.00;0.00;0.00;0.00;0.00;0.00;0.00;0.00;0.00;0.00;0.00;0.00;0.00;0.00;0.00;0.00;0.00;0.00;0.00;0.00;0.00;0.00;0.00;0.00;0.00;0.00;0.00;0.00;-0.01;-0.01;-0.01;-0.01;-0.01;-0.01;-0.02;-0.02;-0.02;-0.02;-0.02;-0.02;-0.02;-0.02;-0.02;-0.02;-0.02;-0.02;-0.02;-0.02;-0.03;-0.03;0.89;1.03;1.58;1.74;1.89;2.27;2.30;2.42;2.69;2.92;3.10;3.11;3.25;3.57;3.65;3.73;3.94;4.12;4.19;4.41;4.62;4.69;4.71;5.02;5.17;5.34;5.44;5.60;5.63;6.09;6.17;6.35;6.60;6.68;6.91;7.14;7.35;7.60;7.68;7.94;8.14;8.44;8.70;8.95;9.05;9.30;9.67;9.80;10.12;10.39;10.54;10.89;11.26;11.55;11.71;12.01;12.44;12.60;12.90;13.25;13.58;13.85;14.20;14.58;14.76;15.08;15.41;15.78;16.10;16.51;16.93;17.09;17.39;17.81;18.16;18.56;18.92;19.32;19.68;19.88;20.50;20.68;21.12;21.49;21.97;22.31;22.72;22.88;23.30;23.93;24.12;24.52;24.96;25.40;25.77;26.28;26.66;27.07;27.64;27.82;28.27;28.65;29.13;29.49;29.89;30.34;30.87;31.26;31.43;31.92;32.41;32.84;33.26;33.66;33.93;34.37;34.80;35.14;35.53;35.89;36.06;36.11;36.11;36.11;36.11;36.11;36.11;36.12;36.12;36.14;36.14;36.14;36.15;36.16;36.16;36.16;36.17;"
"fKvVW2bqvj","Espresso, Full Circle, Brazil","2020/09/02 08:21:51","92","4.1","4","[{”batch_name”:”Sao Joao”, ”roast_date”:”2020-08-18”, “variety”:”bourbon”, “roast”:”medium”, ”dose”:18.05}]","29","1.29","38.790000915527","0.00;0.00;0.00;0.00;-0.01;-0.02;-0.03;-0.03;-0.03;-0.04;-0.04;-0.04;-0.03;-0.03;-0.03;-0.03;-0.03;-0.03;-0.03;-0.03;-0.02;-0.02;-0.02;-0.02;-0.02;-0.02;-0.02;-0.02;-0.02;-0.01;-0.01;-0.01;-0.01;-0.01;0.00;0.00;0.00;0.00;0.00;0.00;0.00;0.00;0.00;0.00;0.00;0.00;-0.01;-0.02;-0.02;-0.02;-0.02;-0.02;1.24;1.81;2.40;2.61;3.07;3.25;3.47;3.92;4.09;4.42;4.69;4.96;5.29;5.51;5.85;5.99;6.26;6.71;6.84;7.07;7.38;7.76;7.90;8.18;8.74;8.84;9.19;9.49;9.87;10.21;10.40;10.92;11.16;11.54;12.00;12.34;12.73;13.20;13.58;14.05;14.41;14.65;15.07;15.71;15.93;16.36;16.88;17.36;17.59;18.08;18.54;19.11;19.58;20.09;20.65;21.18;21.70;21.93;22.43;22.95;23.48;23.93;24.53;25.05;25.57;26.13;26.78;27.35;27.56;28.31;28.87;29.45;30.07;30.57;31.17;31.49;32.42;32.97;33.25;34.06;34.54;35.16;35.79;36.37;36.97;37.15;37.53;38.15;38.54;38.76;38.76;38.76;38.77;38.77;38.78;38.79;38.79;"
"TOljBAo2Uo","Espresso, Full Circle, Brazil","2020/09/02 08:18:48","92","4.1","3","[{”batch_name”:”Sao Joao”, ”roast_date”:”2020-08-18”, “variety”:”bourbon”, “roast”:”medium”, ”dose”:18.05}]","29","4.47","42.849998474121","0.00;0.00;0.00;0.00;0.00;0.00;0.00;0.00;0.00;0.00;0.00;0.00;0.00;0.00;0.00;0.00;0.00;0.00;0.00;0.00;0.00;0.00;0.00;0.00;0.00;0.00;0.00;0.00;0.00;0.00;0.00;0.00;0.00;0.00;0.00;0.00;0.00;0.00;0.00;0.00;0.00;0.00;0.00;0.00;0.00;0.00;0.00;0.00;0.00;0.45;1.01;1.60;2.30;2.75;3.22;3.67;4.13;4.25;4.57;4.96;5.26;5.59;5.99;6.25;6.54;6.87;7.32;7.60;7.76;8.09;8.35;8.80;9.10;9.39;9.60;10.14;10.34;10.66;11.02;11.42;11.81;12.23;12.59;12.96;13.36;13.51;14.03;14.43;14.85;15.31;15.75;16.25;16.71;16.98;17.50;17.90;18.36;18.90;19.42;19.93;20.42;20.73;21.23;21.77;22.35;22.81;23.36;23.87;24.49;24.99;25.30;25.82;26.35;27.00;27.47;28.16;28.68;29.29;29.80;30.21;30.82;31.34;31.92;32.66;33.17;33.72;34.40;35.09;35.34;35.84;36.62;36.87;37.32;37.87;38.21;38.31;38.36;38.37;38.37;38.37;38.39;38.40;39.04;23.83;-114.80;-52.82;4.67;64.94;42.85;"
"5YP6fIIuK9","Espresso, Full Circle, Brazil","2020/09/01 07:57:17","92","4","4","[{”batch_name”:”Sao Joao”, ”roast_date”:”2020-08-18”, “variety”:”bourbon”, “roast”:”medium”, ”dose”:18.05}]","32","2.78","34.229999542236","0.00;0.00;0.00;0.00;0.00;0.00;0.00;0.00;0.00;0.00;0.00;0.00;0.00;0.00;0.00;0.00;0.00;0.00;0.00;0.00;0.00;0.00;0.00;0.00;-2.63;-57.45;-34.82;6.46;0.04;0.03;0.00;0.00;0.00;0.00;0.00;0.00;0.00;0.00;0.00;0.00;0.00;0.00;0.00;0.00;0.00;0.00;0.00;0.00;0.00;0.00;0.00;0.00;0.00;1.22;1.69;2.21;2.52;3.12;3.28;3.69;3.80;4.05;4.25;4.41;4.75;4.97;4.99;5.51;5.66;5.88;6.10;6.35;6.51;6.83;7.01;7.04;7.51;7.71;7.96;8.30;8.53;8.67;9.12;9.34;9.50;9.78;10.10;10.43;10.74;11.08;11.43;11.75;12.10;12.43;12.83;12.98;13.37;13.78;14.12;14.30;14.74;15.28;15.48;15.98;16.32;16.78;17.21;17.60;17.77;18.51;18.92;19.13;19.56;19.92;20.46;20.93;21.37;21.84;22.36;22.84;23.12;23.61;24.08;24.59;25.08;25.53;26.01;26.55;27.07;27.40;27.86;28.39;28.88;29.37;29.87;30.12;30.97;31.52;31.72;32.17;32.62;33.12;33.56;33.93;33.98;34.07;34.09;34.11;34.11;34.12;34.14;34.15;34.17;34.17;34.18;34.18;34.18;34.18;34.20;34.21;34.22;34.23;34.23;"
"tyoujGTYib","Espresso, Full Circle, Brazil","2020/09/01 07:51:59","92","4","2","[{”batch_name”:”Sao Joao”, ”roast_date”:”2020-08-18”, “variety”:”bourbon”, “roast”:”medium”, ”dose”:17.9}]","33","1.01","34.159999847412","0.00;0.00;0.00;0.00;0.00;0.00;0.00;0.00;0.00;0.00;0.00;0.00;0.00;0.00;0.00;0.00;0.00;0.00;0.00;0.00;0.00;0.00;0.00;0.00;-0.01;-0.02;-0.02;-0.02;-0.03;-0.03;-0.03;-0.03;-0.03;-0.03;-0.03;-0.03;-0.03;-0.03;-0.03;-0.03;-0.03;-0.03;-0.03;-0.03;-0.03;-0.03;-0.03;-0.03;-0.03;-0.03;-0.03;-0.03;-0.03;-0.02;1.08;1.24;1.36;1.58;1.81;1.80;2.09;2.33;2.30;2.50;2.55;2.62;2.84;2.96;3.08;3.25;3.35;3.40;3.63;3.75;3.85;4.08;4.14;4.27;4.30;4.58;4.77;4.77;5.07;5.28;5.30;5.47;5.72;5.93;6.12;6.35;6.46;6.64;6.87;7.12;7.40;7.59;7.82;8.01;8.43;8.60;8.94;9.20;9.34;9.70;10.10;10.54;10.71;10.82;11.57;11.89;12.09;12.61;12.98;13.42;13.78;14.00;14.71;15.23;15.51;16.00;16.40;16.76;17.28;17.68;18.03;18.54;19.00;19.01;19.50;20.10;20.53;21.00;21.63;21.86;22.39;22.96;23.52;23.97;24.52;24.92;25.38;25.87;26.10;26.73;27.28;27.53;28.00;28.35;28.81;29.43;29.81;30.13;30.67;31.35;31.59;31.93;32.32;32.53;32.95;33.37;33.81;34.14;34.09;34.12;34.12;34.11;34.14;34.15;34.16;"
"ebjmy4gckf","Espresso, Full Circle, Brazil","2020/09/01 07:48:34","92","4","3","[{”batch_name”:”Sao Joao”, ”roast_date”:”2020-08-18”, “variety”:”bourbon”, “roast”:”medium”, ”dose”:18.2}]","30","3.07","35.029998779297","0.00;0.00;0.00;0.00;0.00;0.00;0.00;0.00;0.00;0.00;0.00;0.00;0.00;0.00;-2.67;-57.06;20.68;1.13;-0.06;0.00;0.00;0.00;0.00;0.00;0.00;0.00;0.00;0.00;0.00;0.00;0.00;0.00;0.00;0.00;0.00;0.00;0.00;0.00;0.00;0.00;0.00;0.00;0.00;0.00;0.00;0.00;0.00;0.00;0.00;0.00;0.00;0.35;1.70;2.17;2.45;2.82;3.15;3.29;3.64;3.75;3.94;4.23;4.50;4.74;4.97;5.08;5.42;5.62;5.83;6.09;6.37;6.59;6.98;7.22;7.51;7.81;7.99;8.30;8.67;8.93;9.23;9.70;9.83;10.53;10.62;11.10;11.12;11.73;12.05;12.57;12.92;13.39;13.96;14.28;14.53;14.98;15.46;15.96;16.38;16.82;17.35;17.81;18.33;18.61;19.11;19.58;20.03;20.55;21.03;21.58;22.13;22.39;22.91;23.46;24.05;24.50;25.02;25.55;25.82;26.71;26.98;27.42;27.98;28.53;29.06;29.67;30.29;30.82;31.40;31.64;32.41;32.93;33.41;33.71;34.32;34.77;34.87;34.90;34.90;34.92;34.92;34.93;34.93;34.95;34.96;34.96;34.97;34.98;35.01;35.02;35.03;35.03;"
"KPrGuMHhHQ","Espresso, Full Circle, Brazil","2020/08/31 10:20:34","92","4","4","[{”batch_name”:”Sao Joao”, ”roast_date”:”2020-08-18”, “variety”:”bourbon”, “roast”:”medium”, ”dose”:18.05}]","31","1.17","36.229999542236","0.00;0.00;0.00;0.00;0.00;0.00;0.00;0.00;0.00;0.00;0.00;0.00;0.00;0.00;0.00;0.00;0.00;0.00;0.00;0.00;0.00;0.00;0.00;0.00;0.00;0.00;0.00;0.00;0.00;0.00;0.00;0.00;0.00;0.00;0.00;0.00;0.00;0.00;0.00;0.00;0.00;0.00;0.00;0.00;0.00;0.00;0.00;0.00;0.00;0.00;0.00;0.32;1.41;1.53;1.72;2.12;2.31;2.71;2.71;3.02;3.22;3.42;3.75;3.83;3.97;4.00;4.34;4.58;4.59;4.87;5.12;5.14;5.38;5.60;5.87;6.06;6.22;6.51;6.71;6.87;7.30;7.38;7.64;7.93;8.21;8.45;8.76;9.00;9.20;9.51;9.84;10.14;10.49;10.83;11.17;11.49;11.86;12.02;12.41;12.75;13.16;13.55;14.01;14.19;14.78;15.01;15.43;15.81;16.26;16.70;17.14;17.61;18.08;18.29;19.07;19.29;19.81;20.32;20.75;21.26;21.77;21.98;22.48;22.92;23.43;23.89;24.49;25.04;25.55;26.09;26.38;26.95;27.42;27.95;28.52;29.09;29.34;30.21;30.68;30.97;31.52;32.09;32.62;33.14;33.77;34.36;34.82;35.29;35.56;36.09;36.16;36.20;36.21;36.21;36.21;36.21;36.23;"
"8f64XoNJxC","Espresso, Full Circle, Brazil","2020/08/31 10:17:19","92","3.9","3","[{”batch_name”:”Sao Joao”, ”roast_date”:”2020-08-18”, “variety”:”bourbon”, “roast”:”medium”, ”dose”:18.2}]","35","0.99","34.75","0.00;0.00;0.00;0.00;0.00;0.00;0.00;0.00;0.00;0.00;0.00;0.00;0.00;0.00;0.00;0.00;0.00;0.00;0.00;0.00;0.00;0.00;0.00;0.00;0.00;0.00;0.00;0.00;0.00;0.00;0.00;0.00;0.00;0.00;0.00;0.00;0.00;0.00;0.00;0.00;0.00;0.00;0.00;0.00;-0.01;-0.01;-0.01;-0.01;-0.01;-0.01;0.48;1.72;1.89;2.26;2.37;2.70;2.95;3.14;3.25;3.45;3.59;3.70;3.90;3.95;4.10;4.44;4.58;4.59;4.84;4.98;5.00;5.28;5.37;5.60;5.75;5.82;6.16;6.12;6.28;6.31;6.71;7.01;7.16;7.26;7.48;7.60;7.93;8.09;8.30;8.51;8.75;9.01;9.21;9.44;9.62;9.88;10.00;10.37;10.71;10.89;11.23;11.53;11.68;11.96;12.10;12.56;12.86;13.14;13.51;13.63;14.08;14.25;14.56;14.93;15.25;15.50;15.90;16.28;16.46;16.73;17.17;17.48;17.82;18.24;18.60;19.03;19.36;19.70;20.23;20.31;20.73;21.11;21.51;21.91;22.30;22.77;23.10;23.35;23.80;24.17;24.49;24.97;25.42;25.84;26.20;26.68;27.03;27.50;27.70;28.09;28.54;29.00;29.36;29.65;30.05;30.49;30.86;31.31;31.81;32.32;32.70;33.05;33.48;33.72;34.12;34.43;34.70;34.68;34.68;34.70;34.70;34.72;34.72;34.72;34.72;34.73;34.75;"
"Q5zWOYd7WW","Espresso, Full Circle, Brazil","2020/08/31 09:03:10","92","3.9","3","[{”batch_name”:”Sao Joao”, ”roast_date”:”2020-08-18”, “variety”:”bourbon”, “roast”:”medium”, ”dose”:18.05}]","33","1.04","35.5","0.00;0.00;0.00;0.00;0.00;0.00;0.00;0.00;0.00;0.00;0.00;0.00;0.00;0.00;0.00;0.00;0.00;0.00;0.00;0.00;0.00;0.00;0.00;0.00;0.00;0.00;0.00;0.00;0.00;0.00;0.00;0.00;0.00;0.00;0.00;0.00;0.00;0.00;0.00;0.00;0.00;0.00;0.00;0.00;0.00;0.00;0.00;0.00;0.00;0.00;0.00;0.00;0.21;1.30;1.62;1.79;2.13;2.24;2.49;2.67;3.00;3.13;3.23;3.50;3.64;3.80;4.00;4.08;4.35;4.54;4.59;4.74;5.14;5.19;5.25;5.47;5.76;5.90;6.14;6.38;6.56;6.69;7.06;7.26;7.35;7.64;7.90;8.03;8.37;8.64;8.95;9.04;9.35;9.59;9.71;10.24;10.45;10.85;11.21;11.52;11.63;11.98;12.36;12.71;12.98;13.38;13.52;14.12;14.50;14.66;15.11;15.57;15.80;16.27;16.70;16.96;17.56;18.02;18.20;18.61;19.07;19.52;19.96;20.34;20.55;21.27;21.65;21.89;22.43;22.93;23.36;23.80;24.22;24.67;24.93;25.46;25.91;26.46;26.92;27.38;27.56;28.35;28.60;29.12;29.52;30.09;30.60;31.07;31.52;32.11;32.61;32.86;33.57;33.79;34.22;34.71;35.16;35.34;35.34;35.37;35.37;35.40;35.41;35.57;35.53;35.50;35.50;35.50;35.48;35.50;"
"f84dS1kOwr","Espresso, Full Circle, Brazil","2020/08/31 08:58:54","92","3.9","3","[{”batch_name”:”Sao Joao”, ”roast_date”:”2020-08-18”, “variety”:”bourbon”, “roast”:”medium”, ”dose”:17.95}]","27","1.26","35.229999542236","0.00;0.00;0.00;0.00;0.00;0.01;0.02;0.02;0.02;0.02;0.02;0.03;0.03;0.03;0.03;0.03;0.02;0.02;0.02;0.03;0.03;0.03;0.03;0.03;0.03;0.03;0.03;0.02;0.02;0.02;0.02;0.02;0.02;0.02;0.02;0.01;0.01;0.01;0.01;0.01;0.01;0.01;0.01;0.01;0.01;0.01;0.01;0.20;0.89;1.42;2.05;2.29;2.80;2.99;3.48;3.67;3.94;4.24;4.50;4.64;4.85;5.08;5.20;5.58;5.83;6.10;6.31;6.62;6.90;7.00;7.22;7.56;7.78;8.10;8.39;8.76;9.09;9.42;9.63;9.96;10.16;10.60;10.96;11.30;11.62;12.07;12.24;12.56;12.99;13.39;13.63;14.21;14.53;14.78;15.44;15.71;16.03;16.46;16.91;17.36;17.93;18.36;18.82;19.28;19.76;20.03;20.72;20.97;21.54;22.04;22.54;23.00;23.55;23.80;24.25;24.84;25.28;25.75;26.22;26.74;27.25;28.01;28.32;28.66;29.12;29.84;30.31;30.86;31.39;31.72;32.41;33.12;33.37;33.79;34.29;34.73;35.14;35.28;35.23;35.23;"
"KUdol0lYhT","Espresso, Full Circle, Brazil","2020/08/28 13:30:51","92","3.9","4","[{”batch_name”:”Sao Joao”, ”roast_date”:”2020-08-18”, “variety”:”bourbon”, “roast”:”medium”, ”dose”:18}]","31","1.15","35.419998168945","0.00;0.00;0.00;0.00;0.00;0.00;0.00;0.00;0.00;0.00;0.00;0.00;0.00;0.00;0.00;0.00;0.00;-0.01;-0.01;-0.01;-0.02;-0.02;-0.02;-0.03;-0.03;-0.03;-0.03;-0.04;-0.05;-0.05;-0.06;-0.06;-0.07;-0.07;-0.08;-0.08;-0.08;-0.08;-0.08;-0.09;-0.09;-0.09;-0.10;-0.10;-0.10;-0.10;-0.11;-0.11;-0.11;0.29;1.21;1.58;2.05;2.12;2.48;2.74;3.06;3.20;3.33;3.55;3.83;3.95;4.14;4.39;4.48;4.71;4.99;5.17;5.39;5.44;5.77;5.91;5.98;6.33;6.60;6.82;6.83;7.33;7.54;7.56;7.94;8.17;8.46;8.80;9.05;9.30;9.42;9.73;10.03;10.38;10.66;11.00;11.34;11.51;12.05;12.42;12.59;12.91;13.31;13.74;14.08;14.31;14.75;15.16;15.60;15.88;16.34;16.57;17.07;17.66;17.91;18.28;18.77;19.21;19.61;20.10;20.52;21.06;21.55;21.77;22.18;22.71;23.15;23.66;24.14;24.38;25.08;25.60;25.85;26.34;26.76;27.28;27.82;28.32;28.80;29.32;29.85;30.18;30.91;31.20;31.66;32.12;32.68;33.23;33.72;34.12;34.36;34.84;35.25;35.32;35.34;35.37;35.39;35.40;35.41;35.41;35.42;"
"9cS3xJ2Afx","Espresso, Full Circle, Brazil","2020/08/28 13:26:19","92","3.9","3","[{”batch_name”:”Sao Joao”, ”roast_date”:”2020-08-18”, “variety”:”bourbon”, “roast”:”medium”, ”dose”:18}]","39","0.95","36.009998321533","0.00;0.00;0.00;0.00;0.00;0.00;0.00;0.00;0.00;0.00;0.00;0.00;0.00;0.00;0.00;0.00;0.00;0.00;0.00;0.00;0.00;0.00;0.00;0.00;0.00;0.00;-0.56;-0.66;-0.71;-0.71;-0.71;-0.71;-0.71;-0.72;-0.73;-0.74;-0.74;-0.74;-0.76;-0.76;-0.76;-0.76;-0.76;-0.76;-0.76;-0.76;-0.74;-0.74;-0.92;-0.89;-0.90;-0.87;-0.70;-0.40;0.27;0.61;0.87;1.16;1.33;1.56;1.62;1.76;1.97;2.00;2.28;2.33;2.33;2.55;2.62;2.78;2.80;2.96;3.02;3.13;3.17;3.39;3.48;3.49;3.66;3.75;3.79;3.95;4.09;4.13;4.15;4.35;4.49;4.50;4.81;4.82;5.05;5.13;5.40;5.44;5.44;5.75;5.81;6.12;6.16;6.43;6.62;6.88;7.06;7.25;7.32;7.47;7.66;7.95;8.19;8.39;8.50;8.76;9.03;9.24;9.53;9.79;10.01;10.18;10.57;10.90;11.03;11.41;11.67;11.99;12.30;12.59;12.96;13.32;13.66;13.99;14.20;14.56;14.90;15.24;15.69;16.01;16.35;16.74;16.96;17.40;17.77;18.16;18.56;18.76;19.36;19.74;19.93;20.36;20.81;21.21;21.62;22.04;22.43;22.63;23.05;23.47;23.88;24.37;24.77;25.20;25.67;25.90;26.30;26.76;27.17;27.61;28.04;28.52;28.99;29.41;29.86;30.06;30.71;30.89;31.40;32.12;32.32;32.86;33.96;34.37;34.59;34.98;35.43;35.78;35.90;35.91;35.95;35.93;35.95;35.95;35.95;35.96;35.98;35.98;36.00;36.01;36.01;"
"spOTIpIjK2","Espresso, Full Circle, Brazil","2020/08/28 08:08:08","92","3.9","3","[{”batch_name”:”Sao Joao”, ”roast_date”:”2020-08-18”, “variety”:”bourbon”, “roast”:”medium”, ”dose”:18}]","34","1.10","38.220001220703","0.00;0.00;0.00;0.00;0.00;0.00;0.00;0.00;0.00;0.00;0.00;0.00;0.00;0.00;0.00;0.00;0.00;0.00;0.00;0.00;0.00;0.00;0.00;0.00;0.00;0.00;-0.01;-0.02;-0.11;-0.10;-0.10;-0.10;-0.10;-0.10;-0.09;-0.09;-0.09;-0.09;-0.09;-0.09;-0.09;-0.09;-0.10;-0.10;-0.10;-0.10;-0.11;-0.10;-0.10;-0.10;-0.11;-0.11;-0.11;0.32;0.90;1.41;1.81;1.95;2.37;2.47;2.87;3.00;3.30;3.52;3.75;3.95;3.97;4.27;4.50;4.52;4.85;5.09;5.12;5.33;5.60;5.78;5.99;6.20;6.41;6.70;6.96;6.99;7.19;7.51;7.87;7.99;8.30;8.53;8.84;9.07;9.41;9.53;9.84;10.17;10.48;10.78;11.06;11.45;11.74;12.14;12.46;12.83;13.17;13.37;13.78;14.12;14.53;14.96;15.38;15.61;16.01;16.68;16.91;17.32;17.77;18.26;18.67;19.11;19.36;20.01;20.46;20.67;21.13;21.60;22.09;22.61;23.09;23.30;24.02;24.29;24.74;25.29;25.77;26.24;26.73;26.98;27.46;27.95;28.42;29.04;29.52;30.05;30.52;31.07;31.59;31.84;32.39;32.86;33.32;33.90;34.47;35.12;35.54;36.29;36.56;36.98;37.46;37.95;38.07;38.12;38.14;38.14;38.16;38.16;38.18;38.18;38.20;38.21;38.21;38.21;38.21;38.21;38.21;38.22;"
"37UtyDoEqM","Espresso, Full Circle, Brazil","2020/08/28 08:04:15","92","3.9","3","[{”batch_name”:”Sao Joao”, ”roast_date”:”2020-08-18”, “variety”:”bourbon”, “roast”:”medium”, ”dose”:18}]","36","0.98","36.389999389648","0.00;0.00;0.00;0.00;0.00;0.00;0.00;0.00;0.00;0.00;0.00;0.00;0.00;0.00;0.00;0.00;0.00;0.00;0.00;0.00;0.00;0.00;0.00;0.00;0.00;0.00;0.00;0.00;0.00;0.00;0.00;0.00;0.00;0.00;0.00;-0.01;-0.01;-0.01;-0.01;-0.01;-0.01;-0.01;-0.01;-0.01;-0.01;-0.01;-0.01;-0.01;-0.01;0.00;0.00;0.00;0.00;0.00;1.12;1.74;2.07;2.33;2.58;2.75;2.91;3.01;3.19;3.22;3.36;3.39;3.69;3.70;3.75;4.09;4.16;4.17;4.22;4.46;4.55;4.77;4.91;4.94;5.14;5.22;5.39;5.58;5.67;5.75;5.97;6.18;6.21;6.51;6.59;6.88;7.00;7.21;7.41;7.59;7.71;7.88;8.07;8.35;8.64;8.84;8.99;9.30;9.60;9.84;10.14;10.29;10.41;10.81;11.13;11.40;11.80;12.02;12.31;12.81;13.00;13.19;13.51;13.82;14.21;14.58;14.92;15.35;15.71;15.71;16.27;16.61;16.99;17.46;17.82;18.18;18.39;19.02;19.50;19.59;20.02;20.46;20.92;21.36;21.73;22.18;22.33;22.89;23.29;23.75;24.20;24.62;25.08;25.48;25.70;26.16;26.67;27.02;27.55;28.03;28.42;28.87;29.34;29.62;30.06;30.57;30.99;31.52;31.93;32.47;32.64;33.34;33.62;34.09;34.55;35.00;35.50;35.84;36.18;36.26;36.32;36.32;36.32;36.32;36.32;36.34;36.34;36.34;36.37;36.37;36.39;"
"0DH4xptBoo","Espresso, Full Circle, Brazil","2020/08/27 08:54:54","92","3.9","4","[{”batch_name”:”Sao Joao”, ”roast_date”:”2020-08-18”, “variety”:”bourbon”, “roast”:”medium”, ”dose”:17.95}]","33","1.08","35.470001220703","0.00;0.00;0.00;0.00;0.00;0.00;0.00;0.00;0.00;0.00;0.00;0.00;0.00;0.00;0.00;0.00;0.00;0.00;0.00;0.00;0.00;0.00;0.00;0.00;0.00;-0.01;-0.01;-0.02;-0.02;-0.02;-0.02;-0.02;-0.02;-0.02;-0.02;-0.02;-0.02;-0.02;-0.02;-0.02;-0.02;-0.01;-0.01;0.00;0.00;0.00;0.00;0.00;0.00;0.00;0.00;0.00;0.42;1.16;1.55;1.82;2.08;2.31;2.42;2.78;2.89;3.05;3.25;3.49;3.52;3.85;4.06;4.08;4.42;4.56;4.57;4.87;5.07;5.27;5.51;5.70;5.91;6.13;6.27;6.28;6.80;6.97;6.99;7.40;7.60;7.91;8.24;8.37;8.63;8.93;9.18;9.51;9.79;10.16;10.41;10.81;11.05;11.27;11.61;11.93;12.32;12.65;13.10;13.41;13.60;14.24;14.44;14.88;15.30;15.70;16.11;16.48;16.88;17.08;17.65;18.04;18.49;18.91;19.36;19.85;20.38;20.56;21.21;21.66;21.93;22.38;22.83;23.36;23.81;24.36;24.61;25.00;25.54;26.09;26.63;27.10;27.62;28.16;28.67;28.98;29.66;29.93;30.45;31.02;31.52;31.99;32.57;33.09;33.37;34.01;34.01;34.76;35.12;35.28;35.32;35.32;35.37;35.37;35.39;35.40;35.42;35.43;35.43;35.45;35.45;35.46;35.47;"
"OwO42k0cPp","Espresso, Full Circle, Brazil","2020/08/27 08:51:57","92","3.9","3","[{”batch_name”:”Sao Joao”, ”roast_date”:”2020-08-18”, “variety”:”bourbon”, “roast”:”medium”, ”dose”:17.65}]","30","1.10","34.029998779297","0.00;0.00;0.00;0.00;0.01;0.00;0.00;0.00;0.00;0.00;0.00;-0.01;-0.01;-0.02;-0.03;-0.03;-0.03;-0.03;-0.03;-0.03;-0.03;-0.02;-0.02;-0.02;-0.02;-0.02;-0.02;-0.02;-0.02;-0.02;-0.01;-0.01;-0.01;-0.02;-0.02;-0.02;-0.02;-0.02;-0.02;-0.02;-0.02;-0.02;-0.02;-0.02;-0.02;-0.02;-0.02;-0.02;-0.02;-0.02;1.46;1.62;1.92;2.29;2.60;2.79;2.92;3.19;3.37;3.39;3.83;3.92;4.17;4.32;4.41;4.62;4.89;4.90;5.12;5.39;5.57;5.83;5.99;6.12;6.31;6.51;6.85;6.98;7.25;7.45;7.72;7.98;8.29;8.39;8.51;8.99;9.26;9.57;9.89;10.20;10.59;10.69;11.29;11.63;11.76;12.18;12.51;12.95;13.33;13.71;14.10;14.26;14.71;15.08;15.61;16.03;16.45;16.85;17.36;17.58;18.08;18.59;18.82;19.53;20.09;20.43;21.02;21.61;21.89;22.56;22.81;23.25;23.71;24.18;24.71;25.24;25.82;25.97;26.53;27.32;27.64;28.24;28.75;29.31;29.84;30.07;30.71;31.28;31.86;32.31;32.82;33.32;33.65;33.89;33.92;33.93;33.93;33.95;33.96;33.96;33.97;33.98;33.98;34.01;34.03;"
"BS3HySQzCq","Espresso, Upside, Rwanda ","2020/08/26 10:13:34","92","3.9","4","[{”batch_name”:”Sao Joao”, ”roast_date”:”2020-08-18”, “variety”:”bourbon”, “roast”:”medium”, ”dose”:18.05}]","38","1.03","39.150001525879","0.00;0.00;0.00;0.00;0.00;0.00;0.00;0.00;0.00;0.00;0.00;0.00;0.00;0.00;0.00;0.00;0.00;0.00;0.00;0.00;0.00;0.00;0.00;0.00;0.00;0.00;0.00;0.00;0.00;0.00;0.00;0.00;0.00;0.00;0.00;0.00;0.00;0.00;0.00;0.00;0.00;0.00;0.00;0.00;0.00;0.00;0.00;0.00;0.00;0.00;0.81;1.04;1.26;1.44;1.71;2.16;2.25;2.26;2.53;2.61;2.76;2.97;3.23;3.41;3.45;3.64;3.83;3.90;3.90;4.13;4.35;4.42;4.46;4.71;4.77;4.85;5.25;5.33;5.34;5.59;5.73;5.94;6.13;6.26;6.51;6.62;6.85;6.97;7.22;7.32;7.56;7.83;7.97;8.30;8.51;8.70;8.92;9.17;9.46;9.71;9.83;10.07;10.48;10.63;10.90;11.21;11.57;11.87;12.11;12.45;12.61;12.86;13.19;13.55;13.93;14.21;14.51;14.88;15.25;15.60;15.99;16.16;16.49;16.85;17.15;17.61;17.99;18.14;18.57;18.95;19.36;19.74;20.21;20.60;20.97;21.37;21.81;22.01;22.43;22.83;23.21;23.72;24.14;24.32;25.05;25.38;25.61;26.10;26.51;26.95;27.40;27.84;28.05;28.47;29.15;29.40;29.75;30.17;30.65;31.11;31.52;31.75;32.37;32.62;32.98;33.50;33.93;34.40;34.87;35.32;35.53;36.15;36.28;36.90;37.32;37.73;38.14;38.53;38.71;39.02;39.07;39.07;39.09;39.11;39.12;39.12;39.12;39.14;39.15;39.15;39.15;"
"mvwjQ3Bc67","Espresso, Full Circle, Brazil","2020/08/26 09:01:57","92","3.1","3","[{”batch_name”:”Sao Joao”, ”roast_date”:”2020-08-18”, “variety”:”bourbon”, “roast”:”medium”, ”dose”:17.8}]","36","0.92","33.650001525879","0.00;-0.31;-0.28;-0.30;-0.28;-0.30;-0.30;-0.28;-0.28;-0.28;-0.28;-0.25;-0.24;-0.24;-0.23;-0.22;-0.22;-0.21;-0.20;0.11;0.08;0.08;0.08;0.08;0.08;0.07;0.07;0.06;0.06;0.06;0.05;0.04;0.04;0.04;0.03;0.03;0.03;0.02;0.02;0.00;-0.01;-0.01;-0.02;-0.21;-0.20;0.18;0.15;0.11;0.09;0.08;0.06;0.08;0.46;0.58;0.97;1.20;1.29;1.38;1.76;1.87;1.87;1.89;2.09;2.29;2.31;2.57;2.61;2.66;2.84;2.98;3.05;3.22;3.35;3.42;3.45;3.75;3.83;3.86;4.08;4.21;4.29;4.52;4.69;4.73;4.99;5.10;5.13;5.44;5.63;5.85;5.99;6.13;6.37;6.66;6.79;6.81;7.14;7.40;7.64;7.74;8.14;8.41;8.69;8.87;9.08;9.21;9.64;9.94;10.29;10.53;10.82;11.13;11.32;11.63;12.01;12.32;12.64;13.02;13.37;13.65;13.88;14.44;14.62;14.96;15.31;15.65;16.03;16.48;16.85;17.02;17.39;17.82;18.18;18.50;18.92;19.31;19.70;20.02;20.33;20.76;21.07;21.47;21.98;22.29;22.70;23.21;23.40;23.90;24.27;24.68;25.06;25.47;25.93;26.32;26.87;27.06;27.54;27.86;28.37;28.79;29.14;29.60;30.06;30.47;30.82;31.49;31.79;32.21;32.64;33.04;33.36;33.47;33.54;33.56;33.57;33.59;33.61;33.62;33.62;33.62;33.64;33.64;33.65;"
"9f2kPmj7IO","Espresso, Upside, Rwanda ","2020/08/25 17:06:46","92","3.8","4","[{”batch_name”:”Sao Joao”, ”roast_date”:”2020-08-18”, “variety”:”bourbon”, “roast”:”medium”, ”dose”:17.55}]","27","1.39","37.400001525879","0.00;0.00;0.00;0.00;0.00;0.00;0.00;0.00;0.00;0.00;0.00;0.00;0.00;0.00;0.00;0.00;0.00;0.00;0.00;0.00;0.00;0.00;0.00;0.00;0.00;0.00;0.00;0.00;0.00;0.00;0.00;0.00;0.00;0.00;0.00;0.00;0.00;0.00;0.00;0.00;0.00;0.00;0.00;0.00;0.00;0.00;0.00;0.00;0.18;1.55;2.46;3.45;4.23;5.08;5.41;6.45;6.71;7.31;7.76;8.24;8.74;9.19;9.73;9.89;10.54;10.74;11.26;11.66;12.08;12.62;13.02;13.45;13.73;14.17;14.81;15.05;15.51;15.96;16.18;16.95;17.31;17.56;18.27;18.57;19.00;19.48;19.93;20.40;20.63;21.06;21.63;22.06;22.53;22.98;23.45;23.93;24.35;24.63;25.17;25.59;26.04;26.57;26.98;27.49;28.02;28.47;28.72;29.15;29.66;30.05;30.57;30.99;31.52;31.97;32.20;32.71;33.16;33.64;34.09;34.54;35.00;35.48;35.68;36.34;36.48;36.86;37.20;37.28;37.37;37.39;37.39;37.39;37.39;37.39;37.40;37.40;"
"OKQhHpJn9N","Espresso, Upside, Rwanda ","2020/08/25 16:36:53","92","3.5","3","[{”batch_name”:”Sao Joao”, ”roast_date”:”2020-08-18”, “variety”:”bourbon”, “roast”:”medium”, ”dose”:17.55}]","24","1.68","40.040000915527","0.00;-0.01;-0.13;-0.13;-0.13;-0.13;-0.13;-0.13;-0.14;-0.14;-0.14;-0.14;-0.13;-0.13;-0.13;-0.12;-0.13;-0.13;-0.13;-0.13;-0.13;-0.14;-0.16;-0.23;-0.24;-0.25;-0.24;-0.24;-0.24;-0.24;-0.24;-0.24;-0.24;-0.24;-0.25;-0.25;-0.25;-0.25;-0.25;-0.24;-0.24;-0.25;-0.24;-0.24;-0.25;-0.25;-0.25;-0.26;-0.28;-0.28;-0.28;0.00;1.23;2.30;3.17;3.55;4.50;5.34;6.24;7.14;7.90;8.57;8.98;9.66;10.34;11.02;11.60;12.27;12.94;13.69;13.99;14.67;15.38;15.98;16.58;17.26;17.95;18.53;19.15;19.48;20.40;21.07;21.35;21.96;22.58;23.34;23.95;24.56;25.21;25.95;26.24;26.89;27.52;28.16;28.76;29.42;30.10;30.40;30.99;31.55;32.20;32.90;33.56;34.20;34.80;35.43;35.73;36.29;36.91;37.41;38.00;38.55;38.98;39.48;39.87;39.98;39.96;39.98;40.01;40.04;40.04;40.04;"
"GsJ4McL0gS","Espresso, Full Circle, Brazil","2020/08/25 10:21:04","92","3.9","3","[{”batch_name”:”Sao Joao”, ”roast_date”:”2020-08-18”, “variety”:”bourbon”, “roast”:”medium”, ”dose”:17.55}]","33","1.16","38.119998931885","0.00;0.00;0.00;0.00;0.00;0.00;0.00;0.00;0.00;0.00;0.00;0.00;0.00;0.00;0.00;0.00;0.00;0.00;0.00;0.00;0.00;0.00;0.00;0.00;0.00;0.00;0.00;0.00;0.00;0.00;0.00;0.00;0.00;0.00;0.00;0.00;0.00;0.00;0.00;0.00;0.00;0.00;0.00;0.00;0.00;0.00;0.00;0.00;0.00;0.00;0.00;0.00;1.10;1.33;1.70;1.93;2.02;2.33;2.47;2.61;2.81;2.97;3.00;3.31;3.53;3.54;3.83;4.05;4.07;4.25;4.55;4.73;5.02;5.10;5.21;5.47;5.79;5.93;6.15;6.34;6.69;6.73;7.01;7.28;7.74;7.88;8.14;8.45;8.75;8.99;9.37;9.71;9.87;10.39;10.54;10.92;11.32;11.62;12.04;12.31;12.52;12.91;13.58;13.76;14.13;14.57;14.98;15.36;15.73;15.96;16.46;16.90;17.27;17.78;18.26;18.76;18.99;19.36;19.82;20.31;20.77;21.20;21.68;22.15;22.63;22.86;23.36;23.75;24.35;24.56;25.25;25.78;26.25;26.51;27.11;27.59;28.15;28.67;29.23;29.70;29.92;30.78;31.31;31.52;32.01;32.54;33.07;33.54;34.09;34.57;35.06;35.26;35.96;36.43;36.92;37.29;37.79;38.01;38.02;38.06;38.07;38.07;38.09;38.11;38.12;38.12;38.12;"
"rVcqE2CvRW","Espresso, Full Circle, Brazil","2020/08/24 08:36:32","92","4","3","[{”batch_name”:”Sao Joao”, ”roast_date”:”2020-08-18”, “variety”:”bourbon”, “roast”:”medium”, ”dose”:17.65}]","33","1.00","34.139999389648","0.00;0.00;0.00;0.00;0.00;0.00;0.00;0.00;0.00;0.00;0.00;0.00;0.00;0.00;0.00;0.00;0.00;0.00;0.00;0.00;0.00;0.00;0.00;0.00;0.00;0.00;0.00;0.00;0.00;0.00;0.00;0.00;0.00;0.00;0.00;0.00;0.00;0.00;0.00;0.00;0.00;0.00;0.00;0.00;0.00;0.00;0.00;0.00;0.00;0.00;0.00;0.00;0.00;0.20;0.82;1.23;1.41;1.52;1.89;1.89;1.99;2.29;2.29;2.64;2.67;2.73;2.96;3.09;3.11;3.40;3.50;3.69;3.87;3.87;4.25;4.34;4.40;4.72;4.85;4.97;5.12;5.26;5.54;5.76;5.91;6.06;6.33;6.35;6.66;6.90;7.19;7.40;7.62;7.89;8.17;8.32;8.60;8.85;9.12;9.45;9.73;9.85;10.35;10.51;10.76;10.89;11.40;11.83;12.20;12.56;12.96;13.13;13.48;13.85;14.21;14.65;15.10;15.46;15.96;16.11;16.50;16.71;17.20;17.86;18.21;18.57;18.77;19.43;19.67;20.08;20.72;21.15;21.53;22.01;22.42;22.93;23.40;23.62;24.42;24.68;25.23;25.70;26.22;26.67;27.24;27.67;27.91;28.67;28.92;29.42;29.96;30.42;30.92;31.42;31.96;32.09;32.57;32.98;33.55;33.82;34.02;34.05;34.09;34.09;34.11;34.12;34.12;34.12;34.14;"
"HPx5YdKHUQ","Espresso, Full Circle, Brazil","2020/08/24 08:33:09","92","4","4","[{”batch_name”:”Sao Joao”, ”roast_date”:”2020-08-18”, “variety”:”bourbon”, “roast”:”medium”, ”dose”:17.5}]","40","0.88","35.919998168945","0.00;0.00;0.00;0.00;0.00;0.00;0.00;0.00;0.00;0.00;0.00;0.00;0.00;0.00;0.00;0.00;0.00;-0.01;-0.01;-0.01;-0.02;-0.02;-0.02;-0.02;-0.02;-0.02;-0.02;-0.03;-0.03;-0.03;-0.03;-0.03;-0.03;-0.03;-0.03;-0.03;-0.03;-0.03;-0.03;-0.03;-0.03;-0.03;-0.03;-0.03;-0.03;-0.03;-0.03;-0.03;-0.03;-0.02;-0.02;-0.02;1.26;1.51;1.72;2.12;2.42;2.51;2.78;2.92;3.03;3.25;3.35;3.62;3.66;3.70;4.17;4.17;4.30;4.49;4.60;4.69;4.71;5.04;5.17;5.20;5.56;5.70;5.90;5.99;6.17;6.37;6.62;6.81;6.89;7.10;7.28;7.51;7.80;7.98;8.20;8.32;8.55;8.79;8.96;9.26;9.55;9.70;10.07;10.09;10.46;10.76;11.09;11.38;11.67;11.81;12.23;12.59;12.76;13.10;13.46;13.75;14.10;14.46;14.63;15.15;15.53;15.71;16.09;16.49;16.79;17.20;17.53;17.98;18.35;18.71;18.91;19.29;19.68;20.06;20.50;20.84;21.28;21.70;21.89;22.25;22.66;23.09;23.32;23.95;24.36;24.74;24.95;25.41;25.78;26.17;26.64;27.07;27.46;27.89;28.13;28.80;29.26;29.47;29.88;30.31;30.71;31.13;31.59;31.82;32.30;32.71;33.15;33.57;34.06;34.43;34.86;35.01;35.31;35.62;35.71;35.71;35.73;35.76;35.77;35.78;35.79;35.80;35.81;35.81;35.82;35.82;35.82;35.84;35.84;35.84;35.86;35.93;35.93;35.91;35.90;35.90;35.91;35.90;35.91;35.91;35.91;35.91;35.90;35.90;35.90;35.91;35.92;"
"ShnSoT0Om7","Espresso, Upside, Rwanda","2020/08/23 17:57:42","92","3.75","4","[{”batch_name”:”Decaf”, ”roast_date”:”2020-08-05”, “variety”:”red bourbon”, “roast”:”dark”, ”dose”:18.3, “decaf”:”true”}]","22","1.64","36","0.00;0.00;0.00;0.00;0.00;0.00;0.00;0.00;0.00;0.00;0.00;0.00;0.00;0.00;0.00;0.00;0.00;0.00;0.00;0.00;0.00;0.00;0.00;0.00;0.00;0.00;0.00;0.00;0.00;0.00;0.00;0.00;0.00;0.00;0.00;0.00;0.00;0.00;0.00;0.00;0.00;0.00;0.00;0.00;0.00;0.00;0.00;0.00;0.00;0.00;0.00;0.00;0.00;1.23;2.04;2.94;3.70;4.19;5.81;6.31;7.30;8.14;9.08;9.66;10.32;10.75;11.91;12.23;12.95;13.60;14.33;14.94;15.61;16.29;17.00;17.33;17.98;18.67;19.28;20.01;20.66;21.32;22.01;22.34;22.98;23.68;24.38;25.00;25.67;26.27;27.04;27.32;27.98;28.66;29.35;29.92;30.61;31.28;31.98;32.57;32.81;33.53;34.14;34.68;35.16;35.57;35.87;35.97;35.97;35.98;36.00;36.00;"
"Xnx1r39h9F","Espresso, Upside, Rwanda","2020/08/22 13:45:38","92","3.75","4","[{”batch_name”:”Decaf”, ”roast_date”:”2020-08-05”, “variety”:”red bourbon”, “roast”:”dark”, ”dose”:18.3, “decaf”:”true”}]","28","1.73","43.790000915527","0.00;0.00;0.00;0.00;0.00;0.00;0.00;0.00;-0.01;-0.01;-0.02;-0.02;-0.02;-0.02;-0.02;-0.02;-0.02;-0.03;-0.03;-0.03;-0.03;-0.03;-5.93;-5.86;-5.84;-5.84;-5.86;-5.88;-6.10;-5.93;-6.09;-6.34;-6.03;-5.84;-5.73;-5.72;-5.46;-5.47;-5.46;-5.46;-5.49;-5.85;-5.84;-4.18;-4.56;-5.88;-6.72;-6.37;-6.31;-5.46;-4.02;-3.27;-2.41;-1.50;-1.13;0.25;1.26;1.43;1.97;2.05;2.89;3.41;4.17;4.57;5.09;5.34;5.65;6.03;6.50;6.80;7.38;7.66;7.85;8.49;8.76;9.24;9.59;10.07;10.60;11.00;11.58;11.83;12.26;12.71;13.19;13.65;14.12;14.63;14.93;15.39;15.87;16.38;16.78;17.36;17.86;18.32;18.53;19.03;19.57;20.06;20.58;21.02;21.39;21.88;22.41;22.95;23.18;23.99;24.25;24.43;25.08;25.56;25.96;26.56;26.95;27.25;27.77;28.17;28.71;29.17;29.62;30.07;30.63;30.90;31.32;31.82;32.42;32.98;33.37;33.90;34.39;34.66;35.12;35.46;40.05;43.68;43.52;43.62;43.84;43.81;43.75;43.76;43.78;43.79;"
"EIBFSj3jbB","Espresso, Full Circle, Brazil","2020/08/21 09:43:46","92","4","3","[{”batch_name”:”Sao Joao”, ”roast_date”:”2020-08-18”, “variety”:”bourbon”, “roast”:”medium”, ”dose”:17.5}]","32","1.04","34.209999084473","0.00;0.00;0.00;0.00;0.00;0.00;0.00;0.00;0.00;0.00;0.00;0.00;0.00;0.00;0.00;0.00;0.00;0.00;0.00;0.00;0.00;0.00;0.00;0.00;0.00;0.00;0.00;0.00;0.00;0.00;0.00;0.00;0.00;0.00;0.00;0.00;0.00;0.00;0.00;0.00;0.00;0.00;0.00;0.00;0.00;0.00;0.00;0.00;0.00;0.00;0.00;0.81;1.02;1.44;1.75;1.97;2.09;2.34;2.60;2.77;2.83;3.11;3.41;3.38;3.39;3.66;3.78;4.00;4.10;4.44;4.39;4.67;4.81;4.85;5.09;5.28;5.41;5.64;5.87;5.95;6.25;6.47;6.49;6.88;7.04;7.26;7.46;7.57;7.97;8.05;8.35;8.63;8.91;9.18;9.39;9.68;10.09;10.36;10.66;11.00;11.15;11.55;11.90;12.17;12.59;12.96;13.28;13.45;13.88;14.28;14.65;15.05;15.52;15.86;16.34;16.56;16.95;17.36;17.82;18.18;18.64;19.10;19.54;19.95;20.18;20.68;21.41;21.70;22.08;22.58;23.04;23.58;24.01;24.27;24.75;25.18;25.76;26.16;26.67;27.17;27.64;28.11;28.66;28.89;29.63;29.86;30.29;30.79;31.40;31.82;32.05;32.52;32.82;33.36;33.77;34.06;34.12;34.12;34.14;34.17;34.18;34.18;34.18;34.18;34.21;"
"nF5V7khISL","Espresso, Upside, Blend","2020/08/21 07:58:25","92","3.9","3","[{”batch_name”:”Classic Espresso”, ”roast_date”:”2020-08-05”, “variety”:”yellow catuai/typica”, “roast”:”light/medium”, ”dose”:18.0}]","32","1.29","41.229999542236","0.00;0.00;0.00;0.00;0.00;0.00;0.00;0.00;0.00;0.00;0.00;0.00;0.00;0.00;0.00;0.00;0.00;0.00;0.00;0.00;0.00;0.00;0.00;0.00;0.00;0.00;0.00;0.00;0.00;0.00;0.00;0.00;0.00;0.00;0.00;0.00;0.00;0.00;0.00;0.00;0.00;0.00;0.00;0.00;0.00;0.00;0.00;0.00;0.00;0.00;0.00;0.00;0.53;2.74;3.47;4.00;4.63;5.12;5.43;5.70;6.04;6.43;6.64;7.00;7.25;7.60;7.85;8.01;8.34;8.76;8.89;9.21;9.55;9.89;10.14;10.46;10.62;11.10;11.20;11.65;11.84;12.34;12.45;13.11;13.21;13.32;14.01;14.06;14.65;14.88;15.39;15.65;15.80;16.43;16.65;17.21;17.60;18.06;18.40;18.82;19.02;19.46;19.89;20.34;20.75;21.20;21.66;22.02;22.42;22.93;23.09;23.55;23.97;24.43;24.86;25.30;25.68;26.20;26.62;27.02;27.26;27.74;28.15;28.57;29.07;29.53;29.96;30.17;30.60;31.03;31.53;31.96;32.43;32.90;33.34;33.78;34.06;34.48;34.93;35.45;35.91;36.37;36.82;37.23;37.70;38.00;38.40;38.87;39.43;39.89;40.26;40.62;40.96;41.15;41.17;41.21;41.21;41.21;41.21;41.23;41.23;"
"Cq5NtopdgA","Espresso, Upside, Blend","2020/08/20 09:56:40","92","3.9","4","[{”batch_name”:”Classic Espresso”, ”roast_date”:”2020-08-05”, “variety”:”yellow catuai/typica”, “roast”:”light/medium”, ”dose”:18.0}]","29","1.24","37.029998779297","0.00;0.00;0.00;0.00;0.00;0.00;0.00;0.00;0.00;0.00;0.00;0.00;0.00;0.00;0.00;0.00;0.00;0.00;0.00;0.00;0.00;0.00;0.00;0.00;0.00;0.00;0.00;-0.01;-0.01;-0.02;-0.02;-0.02;-0.02;-0.02;-0.02;-0.02;-0.02;-0.02;-0.02;-0.02;-0.02;-0.02;-0.02;-0.02;-0.02;-0.03;-0.03;-0.03;-0.03;-0.03;-0.03;1.32;2.00;2.49;2.99;3.28;3.63;4.04;4.30;4.44;4.75;5.02;5.33;5.62;5.94;6.14;6.43;6.76;7.01;7.16;7.43;7.71;7.91;8.38;8.70;9.00;9.13;9.41;9.84;10.13;10.46;10.86;11.16;11.34;11.66;12.25;12.42;12.76;13.15;13.48;13.91;14.30;14.67;14.90;15.31;15.70;16.14;16.58;17.01;17.46;17.91;18.11;18.58;18.95;19.36;19.79;20.29;20.68;21.11;21.61;21.84;22.31;22.78;23.28;23.68;24.16;24.65;25.12;25.56;25.82;26.28;26.97;27.18;27.72;28.13;28.60;29.15;29.36;29.95;30.29;30.89;31.26;31.87;32.07;32.50;33.23;33.62;34.05;34.56;35.06;35.54;35.90;36.42;36.77;36.90;36.93;36.95;36.98;37.02;37.03;"
"5OPMHqnIq5","Espresso, Upside, Blend","2020/08/20 09:52:08","92","4.05","3","[{”batch_name”:”Classic Espresso”, ”roast_date”:”2020-08-05”, “variety”:”yellow catuai/typica”, “roast”:”light/medium”, ”dose”:18}]","25","1.41","36.619998931885","0.00;0.00;0.00;0.00;0.00;0.00;0.00;0.00;0.00;0.00;0.00;0.00;0.00;0.00;0.00;0.00;0.00;0.00;0.00;0.00;0.00;0.00;0.00;0.00;0.00;0.00;0.00;0.00;0.00;0.00;0.00;0.00;0.00;0.00;0.00;0.00;0.00;0.00;0.00;0.00;0.00;0.00;0.00;0.00;0.00;0.00;0.00;0.00;0.00;1.04;3.28;4.29;4.92;5.81;5.90;6.66;7.12;7.57;8.04;8.55;9.01;9.23;9.64;10.01;10.52;10.89;11.29;11.71;11.94;12.54;12.99;13.19;13.56;14.03;14.46;14.90;15.28;15.75;16.21;16.59;16.82;17.28;17.75;18.20;18.54;19.07;19.56;20.00;20.26;20.77;21.38;21.56;22.07;22.57;22.99;23.52;23.76;24.52;24.74;25.17;25.72;26.29;26.78;27.29;27.47;27.95;28.53;29.00;29.55;29.95;30.53;31.12;31.60;31.82;32.32;33.07;33.45;33.84;34.50;34.98;35.48;35.84;36.18;36.41;36.51;36.59;36.59;36.61;36.62;"
"xslKDUhTCC","Espresso, Upside, Brazil","2020/08/20 07:40:33","92","4.05","3","[{”batch_name”:”Bom Succeso”, ”roast_date”:”2020-08-05”, “variety”:”yellow catuai”, “roast”:”light/medium”, ”dose”:18.1}]","25","1.52","39.430000305176","0.00;0.00;0.00;0.00;0.00;0.00;0.00;0.00;0.00;0.00;0.00;0.00;0.00;0.00;0.00;0.00;0.00;0.00;0.00;0.00;0.00;0.00;0.00;0.00;0.00;0.00;0.00;0.00;0.00;0.00;0.00;0.00;0.00;0.00;0.00;0.00;0.00;0.00;0.00;0.00;0.00;0.00;0.00;0.00;0.00;0.00;0.00;0.61;1.13;2.12;3.01;3.75;4.77;5.59;6.28;6.58;7.32;7.62;8.03;8.51;8.89;9.44;9.76;9.96;10.34;10.71;11.02;11.46;11.87;12.28;12.77;13.14;13.33;14.01;14.23;14.71;15.14;15.66;16.23;16.65;17.16;17.43;17.93;18.40;18.93;19.49;20.03;20.28;21.13;21.41;21.99;22.49;23.07;23.60;24.16;24.76;25.41;26.01;26.29;26.93;27.53;28.06;28.67;29.34;29.64;30.52;31.14;31.45;32.06;32.65;33.32;33.93;34.56;35.15;35.77;36.07;36.72;37.29;37.73;38.31;38.73;39.15;39.34;39.39;39.39;39.39;39.40;39.43;39.43;39.43;"
"zHxnhG3i3H","Espresso, Upside, Brazil","2020/08/19 10:03:55","92","4.05","4","[{”batch_name”:”Bom Succeso”, ”roast_date”:”2020-08-05”, “variety”:”yellow catuai”, “roast”:”light/medium”, ”dose”:18.05}]","27","1.31","36.659999847412","0.00;0.00;0.00;0.00;0.00;0.00;0.00;0.00;0.00;0.00;0.00;0.00;0.00;0.00;0.00;0.00;0.00;0.00;0.00;0.00;0.00;0.00;0.00;0.00;0.00;0.00;0.00;0.00;0.00;0.00;0.00;0.00;0.00;0.00;0.00;0.00;0.00;0.00;0.00;0.00;0.00;0.00;0.00;0.00;0.00;0.00;0.00;0.00;1.42;2.76;3.36;3.92;4.38;4.83;5.33;5.51;5.83;6.40;6.54;6.91;7.22;7.60;7.82;8.13;8.29;8.71;8.95;9.23;9.58;9.96;10.28;10.63;10.99;11.34;11.50;11.81;12.15;12.53;12.91;13.33;13.65;14.07;14.25;14.83;15.06;15.41;15.83;16.25;16.63;17.11;17.61;17.75;18.14;18.63;19.03;19.45;19.98;20.13;20.86;21.31;21.52;21.93;22.36;22.88;23.37;23.83;24.31;24.81;25.04;25.67;25.91;26.51;26.90;27.49;27.90;28.17;28.68;29.17;29.62;30.15;30.66;31.16;31.67;32.18;32.68;32.96;33.72;33.92;34.48;34.92;35.40;35.79;36.23;36.56;36.62;36.62;36.62;36.65;36.66;"
"vXa6jqGSSx","Espresso, Upside, Brazil","2020/08/19 09:12:15","92","4","4","[{”batch_name”:”Bom Succeso”,”roast_date”:”2020-08-05”,”dose”:17.95}]","31","1.33","40.119998931885","0.00;-0.36;-0.32;-0.32;-0.32;-0.31;-0.31;-0.30;-0.28;-0.28;-0.28;-0.26;-0.26;-0.26;-0.26;-0.26;-0.45;-1.21;-1.14;-1.14;-1.14;-1.15;-1.15;-1.15;-1.17;-1.17;-1.17;-1.19;-1.19;-1.19;-1.19;-1.21;-1.19;-1.19;-1.19;-1.21;-1.21;-1.19;-1.19;-1.19;-1.19;-1.19;-1.17;-1.17;-1.15;-1.17;-1.36;-1.13;-0.48;-0.31;0.82;1.40;1.89;2.48;2.94;3.24;3.69;3.75;4.17;4.52;4.89;5.08;5.35;5.66;5.96;6.25;6.56;6.69;7.07;7.26;7.56;7.88;8.16;8.32;8.58;9.10;9.32;9.55;9.92;10.28;10.65;10.95;11.27;11.67;12.06;12.25;12.68;13.05;13.48;13.90;14.27;14.50;14.87;15.27;15.76;16.08;16.57;17.01;17.42;17.86;18.24;18.52;19.00;19.41;19.79;20.31;20.76;21.21;21.67;21.93;22.61;23.07;23.30;23.78;24.26;24.68;25.16;25.71;26.07;26.57;27.04;27.53;28.05;28.48;29.03;29.49;29.73;30.30;30.73;31.26;31.79;32.26;32.80;33.09;33.61;34.09;34.64;35.12;35.62;36.18;36.57;37.86;38.37;38.62;39.18;39.42;39.87;40.05;40.07;40.07;40.09;40.11;40.12;40.12;40.11;40.12;40.12;"
"3snkwA4s9z","Espresso, Upside, Brazil","2020/08/19 07:36:37","92","4","4","[{”batch_name”:”Bom Succeso”,”roast_date”:”2020-08-05”,”dose”:18}]","31","1.16","36","0.00;0.00;0.00;0.00;0.00;0.00;0.00;0.00;0.00;0.00;0.00;0.00;0.00;0.00;0.00;0.00;0.00;0.00;0.00;0.00;0.00;0.00;0.00;0.00;0.00;0.00;0.00;0.00;0.00;0.00;0.00;0.00;0.00;0.00;0.00;0.00;0.00;0.00;0.00;0.00;0.00;0.00;0.00;0.00;0.00;0.00;0.00;0.00;0.00;1.04;1.41;2.05;2.62;3.13;3.60;3.83;4.17;4.50;4.79;5.07;5.33;5.63;5.91;6.21;6.43;6.45;7.00;7.16;7.41;7.54;7.85;8.14;8.39;8.66;8.68;9.19;9.53;9.63;9.76;10.14;10.46;10.74;11.02;11.35;11.68;11.82;12.11;12.52;12.83;13.11;13.46;13.78;13.96;14.50;14.63;15.00;15.35;15.71;16.13;16.45;16.79;17.21;17.41;17.77;18.16;18.60;18.95;19.14;19.74;20.11;20.33;20.77;21.15;21.57;21.99;22.48;22.80;23.23;23.67;24.10;24.29;24.96;25.23;25.60;26.04;26.54;26.95;27.42;27.64;28.26;28.47;29.00;29.46;29.89;30.32;30.59;30.97;31.53;31.92;32.37;32.84;33.27;33.72;34.18;34.62;35.04;35.22;35.57;35.82;35.91;35.92;35.93;35.95;35.98;35.98;35.98;36.00;"
"B7sdM5KerI","Espresso, Upside, Brazil","2020/08/19 07:03:40","92","3.9","3","[{”batch_name”:”Bom Succeso”,”roast_date”:”2020-08-05”,”dose”:18.05}]","33","1.10","35.619998931885","0.00;-0.37;-0.28;-0.24;-0.23;-0.22;-0.21;-0.21;-0.23;-0.23;-0.24;-0.24;-0.24;-0.24;-0.23;-0.23;-0.21;-0.21;-0.66;-0.71;-0.72;-0.71;-0.71;-0.71;-0.71;-0.71;-0.71;-0.71;-0.71;-0.70;-0.71;-0.70;-0.70;-0.69;-0.69;-0.68;-0.68;-0.67;-0.66;-0.65;-0.65;-0.64;-0.64;-0.63;-0.55;-0.55;-0.32;0.00;0.62;1.14;1.51;1.97;2.31;2.80;3.01;3.33;3.66;3.86;4.16;4.24;4.38;4.69;4.96;5.17;5.40;5.55;5.67;5.69;6.12;6.30;6.53;6.72;6.83;7.16;7.30;7.46;7.85;7.94;8.09;8.41;8.68;8.88;9.10;9.34;9.63;9.95;10.08;10.30;10.59;10.90;11.18;11.33;11.70;11.95;12.08;12.48;12.76;12.98;13.30;13.62;13.96;14.14;14.61;14.77;15.07;15.38;15.77;16.10;16.26;16.78;17.01;17.40;17.66;18.06;18.41;18.82;19.18;19.60;19.95;20.13;20.61;21.03;21.34;21.78;22.20;22.58;23.05;23.42;23.60;24.07;24.50;24.91;25.34;25.77;26.11;26.48;26.98;27.20;27.66;28.14;28.51;28.92;29.38;29.79;29.98;30.60;30.79;31.26;31.72;32.26;32.56;33.84;34.12;34.46;34.84;35.14;35.41;35.56;35.57;35.59;35.62;35.62;35.62;35.64;35.64;35.62;35.62;"
"XUMLMsdbe0","Espresso, Upside, Decaf","2020/08/18 16:25:20","92","3.9","4","[{”batch_name”:”Classic Espresso”,”roast_date”:”2020-08-05”,”dose”:17.9}]","22","1.66","38.270000457764","0.00;0.00;0.00;0.00;0.00;0.00;0.00;0.00;0.00;0.00;0.00;0.00;0.00;0.00;0.00;0.00;0.00;0.00;0.00;0.00;0.00;0.00;0.00;0.00;0.00;0.00;0.00;0.00;0.00;0.00;0.00;0.00;0.00;0.00;0.00;0.00;0.00;0.00;0.00;0.00;0.00;0.00;0.00;0.00;0.00;0.00;0.00;0.00;0.00;0.00;3.37;4.35;4.90;6.00;6.85;7.76;8.59;9.39;10.14;10.82;11.50;11.84;12.48;13.19;13.88;14.51;15.18;15.51;16.09;16.76;17.43;18.08;18.63;19.31;19.86;20.60;20.89;21.86;22.49;22.81;23.37;24.01;24.62;25.29;25.53;26.16;26.78;27.39;27.98;28.61;29.31;29.85;30.48;30.80;31.38;31.92;32.61;33.20;33.87;34.40;34.65;35.30;36.18;36.48;36.96;37.36;37.77;38.12;38.20;38.23;38.23;38.23;38.25;38.26;38.27;"
"H4CsNA9jeU","Espresso, Upside, Decaf","2020/08/18 16:02:14","92","4.1","3","[{”batch_name”:”Classic Espresso”,”roast_date”:”2020-08-05”,”dose”:18.05}]","24","1.49","32.610000610352","0.00;-1.46;-1.78;-1.51;-1.82;-1.92;-1.88;-1.86;-1.88;-1.59;-1.55;-1.51;-1.52;-1.76;-1.57;-1.58;-1.19;-1.15;0.10;-0.19;0.07;0.00;0.14;0.15;0.42;0.48;0.71;0.88;0.91;0.93;0.91;0.91;0.90;0.90;0.90;0.90;0.90;0.91;0.93;0.95;0.63;0.38;0.44;0.35;1.91;3.27;4.06;4.49;5.28;5.87;6.17;7.85;8.10;9.12;9.53;10.16;10.89;11.55;11.96;12.73;13.00;13.53;14.03;14.57;14.96;15.58;15.96;16.24;16.88;17.42;17.86;18.43;18.96;19.25;19.78;20.27;20.76;20.97;21.38;21.87;22.20;22.73;23.15;23.58;24.18;24.63;25.08;25.23;25.72;26.23;26.80;27.26;27.74;28.02;28.40;29.07;29.49;30.05;30.54;30.88;31.67;31.99;32.27;32.96;33.27;33.68;34.16;34.09;30.99;31.11;31.39;31.47;31.79;32.43;32.50;32.61;32.62;32.62;32.62;32.62;32.64;32.62;32.62;32.61;"
"h97zEaRAnZ","Espresso, Upside, Decaf","2020/08/18 15:53:45","92","4.5","4","[{”batch_name”:”Classic Espresso”,”roast_date”:”2020-08-05”,”dose”:18.1}]","24","1.61","37.569999694824","0.00;0.00;-0.30;-0.30;-0.31;-0.31;-0.31;-0.31;-0.32;-0.32;-0.34;-0.35;-0.36;-0.36;-0.34;-0.34;-0.34;-0.36;-0.54;-0.85;-0.82;-0.82;-0.84;-0.84;-0.85;-0.85;-0.86;-0.85;-0.86;-0.86;-0.86;-0.86;-0.85;-0.85;-0.85;-0.85;-0.87;-0.89;-1.00;-1.00;-0.98;-0.99;-0.82;-0.76;-0.79;-0.44;0.00;0.61;1.87;2.47;3.64;4.62;5.54;6.38;7.14;8.03;8.75;9.46;9.79;10.32;10.94;11.52;12.17;12.71;13.28;13.83;14.28;14.64;15.07;15.98;16.21;16.63;17.10;17.64;18.18;18.48;18.99;19.48;20.03;20.63;21.04;21.57;22.06;22.62;22.83;23.71;23.95;24.43;24.91;25.41;25.91;26.16;26.87;27.42;27.64;28.11;28.57;28.96;29.42;29.93;30.24;30.97;31.21;31.73;32.28;32.78;33.25;33.82;34.36;35.26;36.12;36.32;36.73;37.07;37.36;37.40;37.48;37.51;37.53;37.56;37.56;37.57;"
"rrB3OoSI3K","Espresso, Upside, Decaf","2020/08/18 15:46:15","92","3","4","[{”batch_name”:”Classic Espresso”,”roast_date”:”2020-08-05”,”dose”:18.1}]","47","0.34","15.939999580383","0.00;0.00;0.00;0.00;0.00;0.00;0.00;0.00;0.00;0.00;0.00;0.00;0.00;0.00;0.00;0.00;0.00;0.00;0.00;0.00;0.00;0.00;-0.23;-0.23;-0.19;-0.19;-0.19;-0.19;-0.20;-0.20;-0.19;-0.19;-0.19;-0.17;-0.17;-0.16;-0.16;-0.14;-0.13;-0.13;-0.13;-0.12;-0.12;-0.11;-0.11;-0.11;-0.10;-0.10;-0.09;-0.09;-0.09;-0.08;0.75;0.91;1.51;1.62;1.69;2.04;2.09;2.09;2.36;2.37;2.37;2.42;2.63;2.55;2.58;2.67;2.85;2.84;2.80;2.80;2.82;3.00;2.92;2.92;2.92;2.94;2.97;2.98;2.99;2.99;3.00;3.22;3.20;3.19;3.17;3.17;3.17;3.36;3.30;3.31;3.32;3.32;3.52;3.47;3.47;3.45;3.45;3.47;3.50;3.64;3.60;3.60;3.62;3.74;3.70;3.70;3.70;3.91;3.86;3.86;3.86;3.87;3.91;3.92;3.94;3.95;4.08;4.19;4.17;4.17;4.19;4.21;4.22;4.23;4.25;4.50;4.48;4.50;4.52;4.54;4.55;4.57;4.73;4.84;4.88;4.88;4.89;4.94;4.94;4.97;5.21;5.30;5.30;5.31;5.47;5.53;5.63;5.62;5.60;5.80;5.85;5.85;6.08;6.12;6.13;6.14;6.37;6.37;6.39;6.65;6.64;6.66;6.93;6.96;6.96;7.01;7.20;7.37;7.38;7.41;7.66;7.78;7.81;8.01;8.09;8.19;8.21;8.46;8.60;8.60;8.84;8.94;8.96;9.26;9.30;9.50;9.53;9.79;9.95;9.95;9.98;10.33;10.43;10.46;10.77;10.94;11.11;11.19;11.36;11.40;11.65;11.82;12.07;12.13;12.40;12.55;12.68;12.69;12.98;13.17;13.33;13.49;13.70;13.91;14.03;14.06;14.51;14.53;14.81;14.93;15.14;15.35;15.43;15.70;15.75;15.85;15.88;15.88;15.90;15.92;15.93;15.93;15.94;15.94;"
"mFVup3Kekp","Espresso, Upside, Blend","2020/08/18 10:50:25","92","8","4","[{”batch_name”:”Classic Espresso”,”roast_date”:”2020-08-05”,”dose”:18.1}]","28","1.34","37.419998168945","0.00;0.00;0.00;0.00;0.00;0.00;0.00;0.00;0.00;0.00;0.00;0.00;0.00;0.00;0.00;0.00;0.00;0.00;0.00;0.00;0.00;0.00;0.00;0.00;0.00;0.00;0.00;0.00;0.00;0.00;0.00;0.00;0.00;0.00;0.00;0.00;0.00;0.00;0.00;0.00;0.00;0.00;0.00;0.00;0.00;0.00;0.00;0.00;0.00;0.00;0.00;1.86;2.36;2.80;3.38;3.65;4.16;4.44;4.75;5.07;5.29;5.59;5.88;6.12;6.26;6.51;6.79;6.97;7.09;7.37;7.76;7.94;8.21;8.54;8.82;9.14;9.48;9.83;10.18;10.34;10.86;11.06;11.49;11.89;12.29;12.50;13.18;13.63;13.83;14.28;14.83;15.27;15.73;16.28;16.76;17.24;17.52;18.03;18.57;19.11;19.56;20.11;20.68;21.18;21.46;22.28;22.55;23.09;23.66;24.20;24.80;25.32;25.90;26.17;27.06;27.56;27.82;28.36;28.99;29.52;30.17;30.48;30.99;31.55;32.12;32.62;33.29;33.92;34.43;35.14;35.34;35.84;36.32;36.71;37.12;37.34;37.37;37.39;37.40;37.40;37.42;37.42;"
"sYDt1QNBu6","Espresso, Upside, Blend","2020/08/18 10:46:11","92","8","4","[{”batch_name”:”Classic Espresso”,”roast_date”:”2020-08-05”,”dose”:18}]","27","1.40","37.840000152588","0.00;0.00;0.00;0.00;0.00;0.00;0.00;0.00;0.00;0.00;0.00;0.00;0.00;0.00;0.00;0.00;0.00;0.00;0.00;0.00;0.00;0.00;0.00;0.00;0.00;0.00;0.00;0.00;0.00;0.00;0.00;0.00;0.00;0.00;0.00;0.00;0.00;0.00;0.00;0.00;0.00;0.00;0.00;0.00;0.00;0.00;0.00;0.00;0.00;0.24;2.30;3.33;4.04;4.54;5.19;5.68;6.19;6.55;6.85;7.23;7.63;7.93;8.32;8.58;8.75;9.28;9.43;9.71;10.10;10.24;10.76;11.09;11.52;11.73;12.08;12.46;12.81;13.27;13.44;14.03;14.51;14.73;15.11;15.55;16.06;16.45;16.93;17.40;17.90;18.38;18.58;19.08;19.54;20.02;20.59;21.00;21.51;22.01;22.53;22.78;23.20;23.72;24.25;24.51;25.22;25.82;26.25;26.82;27.13;27.56;28.07;28.64;29.11;29.62;29.88;30.42;31.22;31.42;31.97;32.45;32.98;33.61;34.07;34.32;35.14;35.32;35.93;36.45;36.84;37.18;37.55;37.73;37.75;37.79;37.81;37.84;"
"1cmfLnLz5Z","Espresso, Upside, Blend","2020/08/18 08:22:51","92","8","4","[{”batch_name”:”Classic Espresso”,”roast_date”:”2020-08-05”,”dose”:18}]","28","1.34","38.840000152588","0.00;0.00;0.00;0.00;0.00;0.00;0.00;0.00;0.00;0.00;0.00;0.00;0.00;0.00;0.00;0.00;0.00;0.00;0.00;0.00;0.00;0.00;0.00;0.00;0.00;0.00;0.00;0.00;0.00;0.00;0.00;0.00;0.00;0.00;0.00;0.00;0.00;0.00;0.00;0.00;0.00;0.00;0.00;0.00;0.00;0.00;0.00;0.00;0.00;0.00;0.00;0.42;2.47;3.19;4.07;4.64;4.92;5.57;5.76;6.09;6.39;6.72;7.05;7.25;7.64;7.90;8.14;8.26;8.54;8.98;9.12;9.39;9.71;9.93;10.14;10.69;10.87;11.18;11.52;11.93;12.31;12.66;13.13;13.57;13.75;14.19;14.58;15.20;15.46;15.89;16.29;16.85;17.32;17.58;18.02;18.53;18.99;19.53;20.03;20.46;21.00;21.50;22.06;22.24;22.75;23.27;23.83;24.35;24.85;25.06;25.57;26.14;26.60;27.12;27.68;28.17;28.66;28.91;29.51;30.03;30.56;31.09;31.60;32.12;32.62;33.22;33.70;34.23;34.51;35.06;35.62;36.09;36.71;37.18;37.64;38.05;38.18;38.72;38.75;38.78;38.79;38.80;38.81;38.82;38.84;"
"lh10OUQY2A","Espresso, Upside, Blend","2020/08/18 07:28:13","92","8","2","[{”batch_name”:”Classic Espresso”,”roast_date”:”2020-08-05”,”dose”:18}]","29","1.23","36.930000305176","0.00;0.00;0.00;0.00;0.00;0.00;0.00;0.00;0.00;0.00;0.00;0.00;0.00;0.00;0.00;0.00;0.00;0.00;0.00;0.00;0.00;0.00;0.00;0.00;0.00;0.00;0.00;0.00;0.00;0.00;0.00;0.00;0.00;0.00;0.00;0.00;0.00;0.00;0.00;0.00;0.00;0.00;0.00;0.00;0.00;0.00;0.00;0.00;0.00;1.10;1.96;3.35;3.81;4.58;5.37;5.64;6.47;6.90;7.26;7.62;7.72;7.99;8.32;8.55;8.85;9.09;9.39;9.66;9.80;10.05;10.31;10.67;10.95;11.19;11.52;11.68;12.15;12.28;12.65;12.94;13.31;13.61;13.99;14.41;14.75;14.93;15.27;15.69;16.06;16.43;16.86;17.24;17.61;18.02;18.48;18.89;19.11;19.58;20.00;20.34;20.79;21.26;21.45;21.96;22.39;22.85;23.28;23.71;24.21;24.62;25.10;25.34;25.80;26.27;26.68;27.15;27.59;28.12;28.56;29.03;29.31;29.81;30.22;30.71;31.11;31.65;32.09;32.56;33.04;33.22;33.70;34.22;34.57;35.15;35.52;35.90;36.25;36.39;36.76;36.82;36.84;36.86;36.87;36.91;36.92;36.92;36.93;36.93;"
"UYiMmEUGmb","Espresso, Cloud Picker, Colombia","2020/08/17 13:58:10","92","7","3","[{”batch_name”:”Excelso”,”roast_date”:”2020-07-15”,”dose”:17.6,”decaf”:”true”}]","25","1.49","38.700000762939","0.00;0.00;0.00;0.00;0.00;0.00;0.00;0.00;0.00;0.00;0.00;0.00;0.00;0.01;0.02;0.02;0.02;0.02;0.03;0.03;0.03;0.03;0.03;0.03;0.03;0.03;0.02;0.02;0.02;0.01;0.01;0.00;0.00;0.00;0.00;0.00;0.00;0.00;0.00;0.00;0.00;0.00;0.00;0.00;0.00;0.00;0.00;0.00;0.00;2.23;3.53;4.13;5.43;6.63;7.66;8.71;9.53;9.88;10.58;11.21;11.88;12.45;12.96;13.56;14.08;14.62;14.88;15.38;15.89;16.40;16.91;17.17;17.91;18.42;18.61;19.13;19.66;20.18;20.58;21.13;21.65;21.87;22.61;23.03;23.03;23.79;24.31;24.81;25.25;25.79;26.00;26.46;27.00;27.49;27.96;28.42;28.93;29.46;29.93;30.40;30.89;31.42;31.70;32.18;32.62;33.12;33.64;34.12;34.37;34.87;35.34;35.84;36.29;36.82;37.21;37.64;38.05;38.32;38.59;38.65;38.65;38.66;38.67;38.67;38.67;38.68;38.68;38.70;38.70;"
"9j5szPUJRc","Espresso, Upside, Blend","2020/08/17 10:30:07","92","9","4","[{”batch_name”:”Classic Espresso”,”roast_date”:”2020-08-05”,”dose”:18.1}]","22","1.68","37.009998321533","0.00;0.00;0.00;0.00;0.00;0.00;0.00;0.00;0.00;0.00;0.00;0.00;0.00;0.00;0.00;0.00;0.00;0.00;0.00;0.00;0.00;0.00;0.00;0.00;0.00;0.00;0.00;0.00;0.00;0.00;0.00;0.00;0.00;0.00;0.00;0.00;0.00;0.00;0.00;0.00;0.00;0.00;0.00;0.00;0.00;0.00;0.00;0.00;0.00;0.74;2.04;2.75;3.82;4.71;5.45;6.21;6.56;7.15;8.07;8.33;8.89;9.44;10.07;10.70;11.23;11.50;12.36;12.69;13.23;13.78;14.41;15.03;15.35;16.28;16.60;17.21;17.92;18.56;19.31;20.00;20.63;21.38;21.72;22.39;23.08;23.85;24.57;25.25;25.99;26.67;27.00;28.13;28.52;29.22;29.92;30.66;31.43;32.21;32.52;33.23;33.98;34.61;35.27;35.80;36.28;36.51;36.84;37.00;36.98;37.00;37.00;37.01;"
"nwOOX2CkSj","Espresso, Upside, Blend","2020/08/17 10:23:14","92","9","4","[{”batch_name”:”Classic Espresso”,”roast_date”:”2020-08-05”,”dose”:18}]","24","1.56","37.369998931885","0.00;0.00;0.00;0.00;0.00;0.00;0.00;0.00;0.00;0.00;0.00;0.00;0.00;-0.01;-0.02;-0.02;-0.02;-0.02;-0.03;-0.03;-0.03;-0.03;-0.03;-0.03;-0.03;-0.03;-0.04;-0.04;-0.04;-0.04;-0.04;-0.04;-0.04;-0.04;-0.04;-0.04;-0.04;-0.04;-0.04;-0.04;-0.04;-0.04;-0.04;-0.04;-0.03;-0.03;-0.03;-0.03;-0.03;-0.03;0.61;1.03;1.89;2.42;3.54;4.50;5.42;6.29;6.88;7.49;8.14;8.43;9.04;9.55;10.08;10.62;11.11;11.65;11.93;12.49;13.26;13.53;14.01;14.64;15.16;15.69;16.01;16.52;17.10;17.65;18.27;18.82;19.48;20.09;20.68;21.33;21.93;22.25;23.25;23.59;24.10;24.76;25.43;26.07;26.65;27.29;27.60;28.23;28.87;29.53;30.16;30.76;31.43;31.72;32.34;32.96;33.67;34.22;34.93;35.23;35.98;36.52;36.73;37.04;37.28;37.29;37.32;37.34;37.36;37.37;37.37;"
"fivBer2jqL","Espresso, Upside, Blend","2020/08/17 08:03:29","92","10","4","[{”batch_name”:”Classic Espresso”,”roast_date”:”2020-08-05”,”dose”:18.1}]","25","1.56","37.819999694824","0.00;-0.65;-0.75;-0.74;-0.73;-0.76;-0.77;-0.76;-0.76;-0.75;-0.74;-0.74;-0.71;-0.70;-0.68;-0.66;-0.66;-0.65;-0.67;-1.09;-2.58;-2.66;-2.49;-2.37;-2.37;-2.02;-1.97;-1.89;-1.88;-1.88;-1.88;-1.89;-1.90;-1.92;-1.92;-1.94;-1.95;-1.96;-1.98;-1.98;-1.95;-1.95;-1.82;-1.68;-1.42;-1.29;-1.28;-1.27;-1.27;-0.80;-0.64;0.46;1.41;2.17;2.52;3.40;4.05;4.35;4.83;5.25;5.75;6.19;6.62;6.89;7.55;7.75;8.18;8.59;9.05;9.53;9.89;10.40;10.86;11.27;11.77;12.01;12.52;13.00;13.48;14.05;14.55;15.06;15.64;16.24;16.51;17.00;17.65;18.18;18.82;19.42;19.95;20.25;20.91;21.51;22.10;22.66;23.29;23.79;24.39;25.02;25.35;25.91;26.59;27.17;27.80;28.45;29.03;29.57;30.22;30.53;31.16;31.76;32.36;32.93;33.52;34.04;35.91;36.16;36.62;37.07;37.43;37.73;37.73;37.77;37.79;37.80;37.80;37.80;37.82;"
"qVDcGJoHg2","Espresso, Upside, Blend","2020/08/17 07:59:05","92","10","4","[{”batch_name”:”Classic Espresso”,”roast_date”:”2020-08-05”,”dose”:18.1}]","26","1.54","38.680000305176","0.00;-0.33;-0.33;-0.33;-0.34;-0.34;-0.34;-0.34;-0.34;-0.34;-0.34;-0.34;-0.34;-0.35;-0.36;-0.36;-0.37;-1.21;-1.25;-1.29;-1.29;-1.30;-1.31;-1.31;-1.32;-1.32;-1.32;-1.34;-1.35;-1.36;-1.37;-1.38;-1.38;-1.39;-1.40;-1.42;-1.42;-1.43;-1.45;-1.46;-1.46;-1.47;-1.47;-1.48;-1.47;-1.29;-1.05;-0.67;-0.52;0.61;2.09;2.42;3.42;4.10;4.69;5.33;5.85;6.25;6.65;6.82;7.24;7.66;8.00;8.34;8.79;9.20;9.53;9.79;10.21;10.64;11.06;11.52;11.95;12.43;12.69;13.12;13.60;14.07;14.58;15.11;15.62;16.11;16.71;16.99;17.79;18.08;18.65;19.11;19.75;20.33;20.85;21.42;21.99;22.25;22.90;23.46;24.04;24.60;25.18;25.75;26.32;26.84;27.21;28.03;28.34;28.92;29.53;30.09;30.68;31.25;31.56;32.15;32.72;33.37;33.95;34.48;34.73;35.61;36.41;36.65;37.20;37.68;38.07;38.41;38.59;38.62;38.64;38.65;38.65;38.66;38.67;38.68;"
"Jrr335kiP1","Espresso, Upside, Blend","2020/08/13 12:46:34","92","10","4","[{”batch_name”:”Classic Espresso”,”roast_date”:”2020-08-05”,”dose”:18.1}]","28","1.38","38.5","0.00;0.00;-0.01;-0.01;-0.02;-0.02;-0.03;-0.03;-0.03;-0.03;-0.02;-0.02;-0.02;-0.02;-0.02;-0.02;-0.02;-0.01;-0.01;-0.01;0.00;0.00;0.00;0.00;0.00;0.00;0.00;0.00;0.00;0.00;0.00;0.00;0.00;0.00;0.00;0.00;0.00;0.00;0.00;0.00;0.00;0.00;0.00;0.00;0.00;0.00;0.00;0.00;0.00;0.00;0.00;1.72;1.95;2.61;3.07;3.47;3.87;4.24;4.50;4.83;5.14;5.44;5.58;6.04;6.19;6.50;6.73;6.88;7.41;7.72;7.89;8.21;8.51;8.94;9.26;9.63;9.96;10.37;10.77;10.91;11.50;11.78;12.14;12.61;13.02;13.45;13.96;14.44;14.65;15.07;15.67;16.13;16.57;17.06;17.32;17.83;18.63;18.88;19.38;19.89;20.43;20.96;21.49;22.05;22.31;23.09;23.39;23.92;24.48;25.00;25.45;25.75;26.32;26.86;27.39;27.93;28.52;29.06;29.61;30.25;30.75;31.00;31.90;32.36;32.66;33.20;33.78;34.37;34.98;35.56;35.81;36.39;36.86;37.40;37.80;38.23;38.43;38.46;38.47;38.48;38.50;"
"ikNS45gIGF","Espresso, Upside, Blend","2020/08/13 12:41:44","92","10","3","[{”batch_name”:”Classic Espresso”,”roast_date”:”2020-08-05”,”dose”:18.1}]","28","1.36","38.009998321533","0.00;0.00;0.00;0.00;0.00;0.00;0.00;0.00;0.00;0.00;0.00;0.00;0.00;0.00;0.00;0.00;0.00;0.00;0.00;0.00;0.00;0.00;0.00;0.00;0.00;0.00;0.00;0.00;0.00;0.00;0.00;0.00;0.00;0.00;0.00;0.00;0.00;0.00;0.00;0.00;0.00;0.00;0.00;0.00;0.00;0.00;0.00;0.00;0.00;0.25;1.42;2.58;3.44;4.21;4.74;5.02;5.47;5.81;6.22;6.62;6.94;7.26;7.38;7.64;7.91;8.25;8.50;8.85;9.12;9.42;9.78;9.93;10.30;10.80;10.94;11.38;11.75;12.14;12.49;12.94;13.15;13.70;13.91;14.31;14.76;15.25;15.71;15.91;16.32;16.83;17.31;18.01;18.26;18.68;19.21;19.71;20.20;20.68;20.95;21.48;21.96;22.45;23.01;23.47;23.74;24.28;24.77;25.22;25.85;26.31;26.84;27.34;27.85;28.11;28.96;29.18;29.67;30.20;30.73;31.26;31.85;32.37;32.68;33.18;33.64;34.22;34.73;35.23;35.87;36.25;36.72;37.16;37.56;37.73;37.89;37.92;37.93;37.95;38.09;38.01;38.01;"
"Qx3fVPvAIG","Espresso, Upside, Brazil","2020/08/12 12:54:07","92","10","4","[{”batch_name”:”Bom Succeso”,”roast_date”:”2020-08-05”,”dose”:18}]","28","1.30","36.25","0.00;0.00;0.00;0.00;0.00;0.00;0.00;0.00;0.00;0.00;0.00;0.00;0.00;0.00;0.00;0.00;0.00;0.00;0.00;0.00;-0.01;-0.02;-0.02;-0.02;-0.02;-0.02;-0.02;-0.02;-0.02;-0.02;-0.02;-0.02;-0.03;-0.03;-0.03;-0.03;-0.03;-0.03;-0.03;-0.03;-0.03;-0.03;-0.03;-0.03;-0.03;-0.03;-0.03;-0.03;-0.03;-0.03;-0.03;0.27;1.76;2.32;2.59;3.20;3.50;3.60;4.13;4.30;4.64;4.94;5.27;5.54;5.70;6.00;6.30;6.65;6.96;7.29;7.59;7.78;8.05;8.63;8.78;9.13;9.50;9.91;10.27;10.67;11.02;11.50;11.66;12.06;12.50;12.99;13.44;13.90;14.11;14.63;15.07;15.57;16.04;16.59;17.11;17.63;18.10;18.61;18.89;19.41;19.93;20.52;21.06;21.60;22.17;22.76;23.03;23.59;24.15;24.75;25.27;25.80;26.42;27.01;27.62;28.16;28.48;29.10;29.66;30.24;30.74;31.36;31.99;32.56;33.09;33.51;34.04;34.64;35.12;35.50;35.71;35.95;36.01;36.02;36.03;36.03;36.04;36.05;36.06;36.07;36.25;36.25;"
"SV4tCo2Ih4","Espresso, Upside, Brazil","2020/08/12 12:49:50","92","10","4","[{”batch_name”:”Bom Succeso”,”roast_date”:”2020-08-05”,”dose”:17.9}]","26","1.49","38.700000762939","0.00;0.00;0.00;0.00;0.00;0.00;0.00;0.00;0.00;0.00;0.00;0.00;0.00;0.00;0.00;0.00;0.00;0.00;0.00;0.00;0.00;0.00;0.00;0.00;0.00;0.00;0.00;0.00;0.00;0.00;0.00;0.00;0.00;0.00;0.00;0.00;0.00;0.00;0.00;0.00;0.00;0.00;0.00;0.00;0.00;0.00;0.00;0.00;0.00;1.40;2.28;3.05;3.67;4.23;4.52;5.05;5.55;5.91;6.28;6.66;7.13;7.46;7.64;8.03;8.38;8.79;9.10;9.46;9.87;10.27;10.70;11.08;11.24;11.67;12.08;12.48;12.95;13.45;13.86;14.28;14.74;15.23;15.49;15.98;16.46;16.91;17.46;17.96;18.20;18.79;19.28;19.84;20.39;20.90;21.52;21.99;22.52;22.81;23.75;24.27;24.55;25.17;25.68;26.25;26.86;27.50;27.76;28.62;28.93;29.46;30.09;30.76;31.34;31.87;32.50;32.77;33.41;34.02;34.59;35.29;35.79;36.46;36.67;37.22;37.76;38.30;38.46;38.57;38.66;38.68;38.68;38.70;"
"DJxWYTA4UM","Espresso, Upside, Brazil","2020/08/12 09:33:27","92","10","4","[{”batch_name”:”Bom Succeso”,”roast_date”:”2020-08-05”,”dose”:17.95}]","29","1.46","42.459999084473","0.00;0.00;0.00;0.00;0.00;0.00;0.00;0.00;0.00;0.00;0.00;0.00;0.00;0.00;0.00;0.00;0.00;0.00;0.00;0.00;0.00;0.00;0.00;0.00;0.00;0.00;0.00;0.00;0.00;0.00;0.00;0.00;0.00;0.00;0.00;0.00;0.00;0.00;0.00;0.00;0.00;0.00;0.00;0.00;0.00;0.00;0.00;0.00;0.37;1.56;2.61;2.97;3.64;4.35;4.84;5.40;5.82;6.18;6.60;6.95;7.31;7.41;7.78;8.10;8.46;8.74;9.12;9.26;9.60;9.94;10.26;10.63;11.00;11.34;11.75;12.14;12.53;12.70;13.38;13.66;14.00;14.44;14.94;15.38;15.82;16.20;16.46;16.95;17.48;17.96;18.45;18.96;19.48;19.93;20.18;20.73;21.20;21.77;22.31;22.81;23.31;23.90;24.43;24.95;25.23;25.74;26.28;26.87;27.41;27.68;28.48;29.02;29.37;29.95;30.76;31.07;31.67;32.25;32.76;33.34;33.62;34.18;34.73;35.39;35.97;36.50;37.07;37.65;38.25;38.51;39.07;39.71;40.25;40.82;41.23;41.72;42.09;42.25;42.39;42.40;42.43;42.44;42.46;42.46;42.46;42.46;42.46;"
"BOsWDrcFWo","Espresso, Upside, Brazil","2020/08/12 08:03:54","92","11","4","[{”batch_name”:”Bom Succeso”,”roast_date”:”2020-08-05”,”dose”:18.1}]","26","1.60","43.139999389648","0.00;0.00;0.00;0.00;0.00;0.00;0.00;0.00;0.00;0.00;0.00;0.00;0.00;0.00;0.00;0.00;0.00;0.00;0.00;0.00;0.00;0.00;0.00;0.00;0.00;0.00;0.00;0.00;0.00;0.00;0.00;0.00;0.00;0.00;0.00;0.00;0.00;0.00;0.00;0.00;0.00;0.00;0.00;0.00;0.00;0.00;0.00;0.00;0.00;0.00;0.00;0.00;0.00;0.46;1.72;2.19;3.16;3.94;4.52;5.10;5.66;6.16;6.35;6.78;7.18;7.60;8.04;8.39;8.82;8.99;9.66;9.87;10.25;10.62;11.08;11.53;12.01;12.23;12.90;13.35;13.56;13.87;14.60;15.10;15.66;15.91;16.46;16.96;17.42;18.09;18.59;19.13;19.65;20.28;20.85;21.13;21.71;22.57;22.88;23.43;24.07;24.64;25.26;25.58;26.18;26.81;27.35;27.92;28.63;29.26;29.82;30.42;31.07;31.39;31.99;32.66;33.28;33.90;34.50;35.12;35.75;36.05;36.66;37.32;37.93;38.59;39.23;39.87;40.26;43.15;43.15;43.14;43.14;43.14;43.14;"
"73FVxP5cwe","Espresso, Upside, Brazil","2020/08/12 07:29:41","92","11","3","[{”batch_name”:”Bom Succeso”,”roast_date”:”2020-08-05”,”dose”:18.06}]","26","1.47","39.569999694824","0.00;0.00;0.00;0.00;0.00;0.00;0.00;0.00;0.00;0.00;0.00;0.00;0.00;0.00;0.00;0.00;0.00;0.00;0.00;0.00;0.00;0.00;0.00;0.00;0.00;0.00;0.00;-0.01;-0.01;-0.02;-0.02;-0.02;-0.02;-0.02;-0.02;-0.02;-0.02;-0.02;-0.02;-0.02;-0.02;-0.02;-0.02;-0.02;-0.02;-0.02;-0.02;-0.01;-0.01;1.13;1.70;2.56;3.38;3.99;4.75;5.00;5.50;5.95;6.35;6.70;7.12;7.43;7.69;8.20;8.35;8.76;9.10;9.53;9.92;10.26;10.70;11.12;11.53;11.73;12.21;12.65;13.08;13.61;14.08;14.28;15.07;15.51;15.78;16.29;16.77;17.33;17.86;18.41;18.70;19.23;19.83;20.38;20.90;21.45;22.00;22.60;23.13;23.43;24.25;24.82;25.09;25.76;26.34;26.90;27.47;28.07;28.34;29.25;29.55;30.18;30.79;31.32;31.97;32.56;33.23;33.54;34.07;34.98;35.31;35.98;36.57;37.17;37.68;38.20;38.43;38.89;39.40;39.48;39.51;39.53;39.55;39.55;39.57;"
"i0KxIZ17LV","Espresso, Upside, Brazil","2020/08/10 10:08:19","92","11","2","[{”batch_name”:”Bom Succeso”,”roast_date”:”2020-08-05”,”dose”:17.6}]","23","1.63","39.180000305176","0.00;0.00;0.00;0.00;0.00;0.00;0.00;0.00;0.00;0.00;0.00;0.00;0.00;0.00;0.00;0.00;0.00;0.00;0.00;0.00;0.00;0.00;0.00;0.00;0.00;0.00;0.00;0.00;0.00;0.00;0.00;0.00;0.00;0.00;0.00;0.00;0.00;0.00;0.00;0.00;0.00;0.00;0.00;0.00;0.00;0.00;0.00;0.00;0.00;0.00;0.00;0.00;0.00;1.23;1.76;2.67;3.45;4.16;4.92;5.43;6.08;6.35;6.91;7.76;8.03;8.57;9.09;9.55;10.07;10.57;11.13;11.71;12.19;12.48;13.03;13.61;14.12;14.43;15.31;15.94;16.21;16.78;17.36;18.00;18.65;19.36;19.96;20.59;20.93;21.57;22.59;22.91;23.64;24.27;25.00;25.72;26.37;26.67;27.40;28.17;28.79;29.51;30.20;30.89;31.63;32.34;32.98;33.41;34.09;34.75;35.47;36.16;36.84;37.15;37.79;38.23;38.67;39.07;39.15;39.18;"
"PYWtW6Eqbe","Espresso, Upside, Brazil","2020/08/10 08:41:39","92","11","4","[{”batch_name”:”Bom Succeso”,”roast_date”:”2020-08-05”,”dose”:17.6}]","23","1.63","39.069999694824","0.00;0.00;0.00;0.00;0.00;0.00;0.00;0.00;0.00;0.00;0.00;0.00;0.00;0.00;0.00;0.00;0.00;0.00;0.00;0.00;0.00;0.00;0.00;0.00;0.00;0.00;0.00;0.00;0.00;0.00;0.00;0.00;0.00;0.00;0.00;0.00;0.00;0.00;0.00;0.00;0.00;0.00;0.00;0.00;0.00;0.00;0.00;0.00;0.00;0.00;0.31;0.68;1.46;2.42;2.79;3.54;4.39;5.04;5.71;6.07;6.69;7.22;7.85;8.30;8.89;9.39;9.91;10.48;10.95;11.52;11.82;12.29;12.88;13.41;14.05;14.69;15.26;15.77;16.06;16.73;17.26;17.92;18.53;19.18;19.86;20.43;21.07;21.38;22.08;22.77;23.41;24.07;24.80;25.50;26.14;26.43;27.17;27.90;28.57;29.22;29.98;30.62;31.39;31.75;32.84;33.17;33.84;34.59;35.32;36.06;36.72;37.31;37.55;38.41;38.66;38.96;39.06;39.07;"
"YnML5FjOyy","Espresso, Upside, Brazil","2020/08/10 08:34:41","92","10","3","[{”batch_name”:”Bom Succeso”,”roast_date”:”2020-08-05”,”dose”:17.5}]","36","1.67","61.599998474121","0.00;0.00;0.00;0.00;0.00;0.00;0.00;0.00;-0.01;-0.01;0.00;0.00;0.00;0.00;0.00;0.00;0.00;0.00;0.00;-0.11;0.01;0.00;-0.01;0.00;0.00;-0.01;-0.01;0.00;-0.02;0.00;0.00;0.00;0.00;0.00;0.00;0.00;0.00;0.00;0.00;0.00;0.00;0.00;0.00;0.00;0.00;-0.01;-0.01;-0.01;0.00;0.00;0.00;0.26;1.38;1.57;2.66;3.35;3.92;4.52;4.84;5.60;5.99;6.19;6.78;6.91;7.35;7.66;8.01;8.35;8.54;8.87;9.21;9.58;9.96;10.30;10.60;11.02;11.44;11.93;12.04;12.45;12.81;13.28;13.74;14.13;14.56;14.78;15.20;15.68;16.16;16.53;17.07;17.49;17.98;18.46;18.96;19.21;19.66;20.11;20.64;21.15;21.58;21.75;22.37;22.81;23.06;23.54;23.89;24.30;24.72;25.09;25.64;26.10;26.50;27.00;27.37;27.61;27.99;28.54;28.96;29.31;29.82;30.02;30.81;31.21;31.67;32.05;32.55;32.98;33.22;33.73;34.45;34.78;35.23;35.67;36.23;36.78;37.21;37.51;38.01;38.46;38.95;39.47;40.07;40.55;41.08;41.59;42.17;42.42;42.95;43.53;44.09;44.60;45.14;45.69;46.18;46.42;46.97;47.51;48.07;48.51;49.07;49.58;50.17;50.78;51.27;51.56;52.12;52.75;53.28;53.78;54.19;54.73;54.02;57.97;59.81;60.29;60.74;61.10;61.44;61.54;61.60;61.60;61.60;"
"kQXAXQ5ydA","Espresso, Cloud Picker, Colombia","2020/08/07 15:40:31","92","7","4","[{”batch_name”:”Excelso”,”roast_date”:”2020-07-15”,”dose”:17.9,”decaf”:”true”}]","29","1.23","34.799999237061","0.00;0.00;-0.28;-0.30;-0.31;-0.31;-0.30;-0.30;-0.30;-0.30;-0.30;-0.28;-0.26;-0.17;-0.19;-0.20;-0.20;-0.21;-0.20;-0.55;-0.55;-0.61;-0.61;-0.61;-0.61;-0.61;-0.61;-0.61;-0.61;-0.61;-0.62;-0.62;-0.62;-0.63;-0.64;-0.63;-0.63;-0.64;-0.65;-0.66;-0.66;-0.66;-0.66;-0.66;-0.66;-0.66;-0.66;-0.66;-0.66;-0.66;0.24;0.90;1.61;2.86;3.90;4.89;5.71;6.30;6.66;7.16;7.59;7.99;8.33;8.78;9.05;9.34;9.51;9.93;10.08;10.39;10.74;10.98;11.36;11.60;11.99;12.16;12.54;12.83;13.19;13.49;13.81;14.13;14.30;14.83;15.00;15.33;15.71;16.09;16.40;16.70;16.83;17.28;17.63;18.06;18.48;18.84;19.17;19.35;19.93;20.39;20.54;21.12;21.41;21.66;22.02;22.38;22.67;22.93;23.35;23.57;24.18;24.42;24.83;25.27;25.60;25.98;26.48;26.61;26.97;27.39;27.70;28.07;28.54;28.88;29.13;29.62;30.11;30.26;30.67;31.01;31.51;31.96;32.36;32.68;32.95;33.27;33.26;33.62;33.98;34.27;34.43;34.75;34.84;34.80;34.80;34.80;"
"9EQnuV3JB8","Espresso, Bell Lane, Blend","2020/08/07 08:25:42","92","10","4","[{”batch_name”:”Dawn Chorus”,”roast_date”:”2020-07-21”,”dose”:18}]","28","1.39","38.909999847412","0.00;0.00;0.00;0.00;0.00;0.00;0.00;0.00;0.00;0.00;0.00;0.00;0.00;0.00;0.00;0.00;0.00;0.00;0.00;0.00;0.00;0.00;0.00;0.00;0.00;0.00;0.00;0.00;0.00;0.00;0.00;0.00;0.00;0.00;0.00;0.00;0.00;0.00;0.00;0.00;0.00;0.00;0.00;0.00;0.00;0.00;0.00;0.00;0.00;0.00;0.00;0.00;1.64;2.27;2.72;3.19;3.57;4.06;4.31;4.67;4.97;5.30;5.63;5.99;6.16;6.46;6.75;7.12;7.47;7.79;7.95;8.55;8.75;9.12;9.42;9.87;10.27;10.65;10.87;11.55;12.02;12.26;12.63;13.08;13.50;14.02;14.26;14.94;15.19;15.70;16.08;16.57;17.01;17.51;18.04;18.46;18.96;19.18;19.99;20.24;20.70;20.92;21.48;22.23;22.68;22.93;23.50;23.99;24.51;24.98;25.58;26.05;26.63;26.85;27.39;27.90;28.43;28.92;29.54;30.06;30.52;31.12;31.67;31.90;32.45;33.01;33.52;34.07;34.61;34.87;35.43;35.93;36.47;37.03;37.51;37.92;38.34;38.66;38.90;38.90;38.90;38.91;"
"t7ArKr4eyq","Espresso, Bell Lane, Blend","2020/08/07 08:20:31","92","10","4","[{”batch_name”:”Dawn Chorus”,”roast_date”:”2020-07-21”,”dose”:18}]","28","1.40","39.229999542236","0.00;0.00;0.00;0.00;0.00;0.00;0.00;0.00;0.00;0.00;0.00;0.00;0.00;0.00;0.00;0.00;0.00;0.00;0.00;0.00;0.00;0.00;-0.01;-0.01;-0.01;-0.01;-0.02;-0.02;-0.02;-0.02;-0.02;-0.02;-0.02;-0.03;-0.03;-0.03;-0.03;-0.03;-0.03;-0.03;-0.03;-0.03;-0.03;-0.03;-0.03;-0.03;-0.03;-0.03;0.84;1.49;1.62;2.65;3.45;4.19;4.74;5.24;5.83;6.26;6.60;6.78;7.14;7.40;7.73;8.08;8.30;8.60;8.89;8.98;9.38;9.64;9.96;10.13;10.65;10.77;11.38;11.67;11.85;12.28;12.68;13.03;13.39;13.68;13.87;14.62;14.96;15.24;15.68;16.03;16.52;16.89;17.34;17.77;18.26;18.71;18.95;19.38;19.82;20.28;20.75;21.23;21.47;21.95;22.46;22.89;23.39;23.90;24.27;24.86;25.32;25.81;26.07;26.53;27.01;27.52;28.03;28.52;29.04;29.53;30.06;30.30;30.80;31.07;31.88;32.20;32.91;33.39;33.87;34.09;34.68;35.18;35.70;36.17;36.47;37.04;37.77;37.97;38.36;38.70;39.06;39.23;39.22;39.23;"
"H703GwYvCu","Espresso, Bell Lane, Blend","2020/08/06 09:25:29","92","10","4","[{”batch_name”:”Dawn Chorus”,”roast_date”:”2020-07-21”,”dose”:17}]","24","1.43","34.419998168945","0.00;0.00;0.00;0.00;0.00;0.00;0.00;0.00;0.00;0.00;0.00;0.00;0.00;0.00;0.00;0.00;0.00;0.00;0.00;0.00;0.00;0.00;0.00;0.00;0.00;0.00;0.00;0.00;0.00;0.00;0.00;0.00;0.00;0.00;0.00;0.00;0.00;0.00;0.00;0.00;0.00;0.00;0.00;0.00;0.00;0.00;0.00;0.00;0.00;1.26;1.65;2.06;3.02;3.81;4.66;5.49;5.74;6.55;7.33;7.90;8.14;8.60;9.03;9.54;9.99;10.42;10.78;11.20;11.46;11.83;12.25;12.77;13.21;13.58;14.08;14.28;14.96;15.18;15.64;16.16;16.60;17.01;17.50;17.95;18.21;18.67;19.21;19.71;20.21;20.63;21.20;21.42;21.97;22.79;23.03;23.57;24.12;24.66;25.14;25.43;26.22;26.45;27.00;27.52;28.07;28.57;29.17;29.68;30.24;30.77;31.03;31.60;32.16;32.66;33.11;33.52;33.86;34.23;34.32;34.39;34.40;34.42;"
"XMjQFCkeNL","Espresso, Bell Lane, Blend","2020/08/05 12:42:55","92","10","4","[{”batch_name”:”Dawn Chorus”,”roast_date”:”2020-07-21”,”dose”:17.1}]","18","2.22","39.959999084473","0.00;0.00;0.00;0.00;0.00;0.00;0.00;0.00;0.00;0.00;0.00;0.00;0.00;0.00;0.00;0.00;0.00;0.00;0.00;0.00;0.00;0.00;0.00;0.00;0.00;0.00;0.00;0.00;0.00;0.00;0.00;0.00;0.00;0.00;0.00;0.00;0.00;0.00;0.00;0.00;0.00;0.00;0.00;0.00;0.00;0.29;1.12;1.68;2.21;3.32;3.85;4.85;5.96;7.07;7.94;8.98;10.10;11.33;12.15;12.70;14.00;14.48;15.51;16.43;17.45;18.36;19.36;19.83;20.87;21.86;22.81;23.80;24.77;25.76;26.22;27.73;28.23;29.17;30.17;31.10;32.09;33.12;34.03;34.53;35.55;36.59;37.53;38.25;38.92;39.48;39.96;"
"GUJBdx3i0N","Espresso, Bell Lane, Blend","2020/08/05 12:36:34","92","11","4","[{”batch_name”:”Dawn Chorus”,”roast_date”:”2020-07-21”,”dose”:17.1}]","22","1.94","44.689998626709","0.00;0.00;0.00;0.00;0.00;0.00;0.00;0.00;0.00;0.00;-0.01;0.00;0.00;0.00;0.00;0.00;0.00;0.00;0.00;0.00;0.00;0.00;0.00;0.00;0.00;0.00;0.00;0.00;0.00;0.00;-0.01;-0.01;-0.01;-0.01;-0.02;-0.02;-0.02;-0.02;-0.02;-0.02;-0.03;-0.03;-0.03;-0.03;-0.03;-0.03;-0.03;0.31;1.03;1.72;2.70;3.49;3.81;5.27;5.90;6.69;7.40;7.70;8.34;9.28;9.54;10.16;10.81;11.43;12.14;12.79;13.16;13.83;14.81;15.21;16.06;16.60;17.33;18.08;18.73;19.43;19.77;20.92;21.29;21.96;22.70;23.36;24.11;24.83;25.51;25.87;26.80;27.54;28.21;28.86;29.15;29.93;30.79;31.45;32.34;32.98;33.68;34.52;35.29;35.73;36.43;37.12;37.89;38.91;39.45;40.43;41.01;41.96;42.59;43.19;43.76;43.98;44.50;44.69;"
"Xi8HIkBtH3","Espresso, Bell Lane, Blend","2020/08/05 08:45:54","92","11","4","[{”batch_name”:”Dawn Chorus”,”roast_date”:”2020-07-21”,”dose”:16.9}]","24","1.71","42.650001525879","0.00;0.00;0.00;0.00;0.00;0.00;0.00;0.00;0.00;0.00;0.00;0.00;0.00;0.00;0.00;0.00;0.00;0.00;0.00;0.00;0.00;0.00;0.00;0.00;0.00;0.00;-1.84;11.05;5.50;0.00;-0.06;-0.05;-0.02;-0.02;-0.01;-0.01;0.00;0.00;0.00;0.00;0.00;0.00;0.00;0.00;0.00;0.34;0.61;0.88;1.58;2.33;3.30;4.42;4.85;5.85;7.32;7.72;8.60;9.29;9.95;10.59;11.38;11.64;12.67;13.03;13.71;14.39;15.08;15.78;16.43;17.07;17.43;18.13;18.84;19.53;20.18;20.81;21.48;22.20;22.81;23.49;24.11;24.42;25.11;25.84;26.50;27.10;27.87;28.53;29.21;30.06;30.22;30.99;31.61;32.31;33.00;33.66;34.32;35.01;35.37;36.04;36.76;37.42;38.11;38.82;39.53;40.18;40.78;41.09;41.65;42.04;42.46;42.60;42.60;42.61;42.62;42.62;42.64;42.64;42.64;42.64;42.64;42.65;42.65;"
"TfZB3CxgZ2","Espresso, Bell Lane, Blend","2020/08/05 08:04:02","92","10","4","[{”batch_name”:”Dawn Chorus”,”roast_date”:”2020-07-21”,”dose”:17}]","30","5.46","36.209999084473","0.00;138.75;132.97;132.97;132.95;132.95;0.00;0.00;0.00;0.00;0.00;0.00;0.00;0.00;0.00;0.00;0.00;0.00;0.00;0.00;0.00;0.00;0.00;0.00;0.00;0.00;0.00;0.00;0.00;0.00;0.00;0.00;0.00;0.00;-0.01;-0.01;-0.02;-0.02;-0.11;-0.11;-0.13;-0.16;-0.16;-0.17;-0.17;-0.18;-0.18;-0.18;-0.19;-0.19;-0.19;-0.19;-0.18;-0.18;0.45;0.50;0.79;1.52;2.71;3.63;4.38;4.92;5.29;5.75;6.13;6.38;6.68;6.98;7.16;7.54;7.78;8.05;8.29;8.43;8.80;9.05;9.37;9.50;9.85;10.01;10.21;10.57;10.96;11.36;11.63;11.96;12.12;12.43;13.03;13.21;13.46;13.82;14.18;14.55;14.90;15.31;15.50;15.71;16.09;16.60;17.03;17.46;17.88;18.21;18.42;18.88;19.48;19.68;20.15;20.52;20.93;21.43;21.85;22.05;22.50;23.00;23.42;23.88;24.40;24.56;25.18;25.67;26.11;26.26;26.74;27.16;27.66;28.21;28.70;29.16;29.56;29.81;30.24;30.82;31.27;31.78;32.18;32.41;33.12;33.98;34.54;34.68;35.07;35.55;35.82;36.12;36.15;36.15;36.18;36.20;36.21;36.21;36.21;"
"3Hkbp7slF5","Espresso, Bell Lane, Honduras","2020/08/03 09:02:29","92","9","4","[{”batch_name”:”Amprocal”,”roast_date”:”2020-07-22”,”dose”:17.2}]","24","1.41","35.279998779297","0.00;0.00;0.00;0.00;0.00;0.00;0.00;0.00;0.00;0.00;0.00;0.00;0.00;0.00;0.00;0.00;0.00;0.00;0.00;0.00;0.00;0.00;0.00;0.00;0.00;0.00;0.00;0.00;0.00;0.00;0.00;0.00;0.00;0.00;0.00;0.00;0.00;0.00;0.00;0.00;0.00;0.00;0.00;0.00;0.00;0.00;0.00;0.00;0.00;0.00;0.84;1.58;2.34;2.75;3.40;3.69;4.02;4.59;4.75;5.08;5.43;5.79;6.05;6.39;6.54;7.01;7.16;7.56;7.93;8.26;8.71;9.08;9.45;9.80;10.20;10.42;10.93;11.59;11.77;12.20;12.71;13.19;13.62;13.89;14.63;14.87;15.42;15.91;16.46;16.99;17.46;18.06;18.32;19.11;19.43;19.95;20.48;21.00;21.00;22.07;22.40;22.96;23.52;23.99;24.67;25.22;25.81;26.42;27.05;27.65;28.24;28.54;29.07;29.82;30.42;31.04;31.65;32.23;32.55;33.48;33.75;34.22;34.71;35.28;"
"TAzRztfVz5","Espresso, Bell Lane, Honduras","2020/08/03 08:57:00","92","9","4","[{”batch_name”:”Amprocal”,”roast_date”:”2020-07-22”,”dose”:17}]","37","4.34","32.669998168945","0.00;152.78;132.42;132.39;132.39;132.41;132.43;132.43;0.00;0.00;0.00;0.00;0.00;0.00;0.00;0.00;0.00;0.00;0.00;0.00;0.00;0.00;0.00;0.00;0.00;0.00;0.00;0.00;0.00;0.00;0.00;0.00;0.00;0.00;0.00;0.00;0.00;0.00;0.00;0.00;-0.01;-0.01;-0.02;-0.01;-0.01;-0.01;-0.01;-0.01;-0.01;-0.01;-0.01;-0.01;-0.01;-0.01;-0.01;0.00;0.00;0.00;0.00;0.45;1.70;2.26;2.52;2.83;2.91;3.17;3.24;3.55;3.66;3.66;3.87;4.02;3.92;4.17;4.27;4.29;4.29;4.49;4.55;4.60;4.75;4.79;4.89;4.90;4.94;5.13;5.28;5.30;5.53;5.59;5.66;5.68;5.92;6.04;6.06;6.09;6.40;6.48;6.58;6.78;6.90;6.94;7.22;7.51;7.53;7.83;8.01;8.05;8.33;8.49;8.70;8.92;9.01;9.34;9.58;9.76;10.05;10.17;10.46;10.67;10.99;11.25;11.53;11.87;12.02;12.30;12.61;12.89;13.31;13.53;13.89;14.25;14.45;14.73;15.28;15.46;15.83;16.25;16.49;16.89;17.32;17.52;18.03;18.25;18.60;18.98;19.36;19.78;20.18;20.59;20.75;21.21;21.60;21.92;22.39;22.62;23.21;23.57;23.78;24.20;24.83;25.23;25.45;25.89;26.31;26.80;27.12;27.36;27.76;28.45;28.64;29.07;29.46;29.84;30.10;30.76;31.16;31.37;31.91;32.11;32.48;32.64;32.67;32.67;32.67;32.66;32.67;32.67;32.67;"
"EGdGrE6egy","Espresso, Bell Lane, Honduras","2020/07/31 08:58:40","92","9","4","[{”batch_name”:”Amprocal”,”roast_date”:”2020-07-22”,”dose”:17}]","27","1.27","34.159999847412","0.00;0.00;0.00;0.00;0.00;-0.01;-0.01;-0.01;-0.02;-0.02;-0.02;-0.02;-0.03;-0.03;-0.03;-0.03;-0.03;-0.03;-0.03;-0.03;-0.03;-0.03;-0.03;-0.03;-0.03;-0.03;-0.03;-0.03;-0.04;-0.04;-0.04;-0.04;-0.04;-0.04;-0.04;-0.04;-0.04;-0.04;-0.05;-0.05;-0.05;-0.05;-0.05;-0.05;-0.06;-0.06;-0.06;-0.07;-0.07;1.04;1.78;2.53;3.14;3.79;3.95;4.56;4.73;5.07;5.27;5.42;5.80;5.94;6.33;6.46;6.75;6.99;7.10;7.50;7.71;7.85;8.26;8.51;8.66;8.96;9.25;9.53;9.84;10.14;10.44;10.75;10.90;11.30;11.63;11.96;12.33;12.77;13.07;13.24;13.86;14.20;14.39;14.86;15.20;15.70;16.10;16.50;16.95;17.42;17.60;18.01;18.48;18.93;19.41;19.90;20.36;20.62;21.34;21.58;22.02;22.50;22.93;23.42;23.93;24.43;24.91;25.42;25.95;26.18;26.67;27.22;27.76;28.21;28.76;29.01;29.57;30.03;30.62;31.11;31.63;31.90;32.59;33.06;33.25;33.70;34.04;34.16;"
"Bj9FrWvSFq","Espresso, Bell Lane, Honduras","2020/07/31 08:50:31","92","9","4","[{”batch_name”:”Amprocal”,”roast_date”:”2020-07-22”,”dose”:17}]","25","1.46","36.430000305176","0.00;0.00;0.00;0.00;0.00;0.00;0.00;0.00;0.00;0.00;0.00;0.00;0.00;0.00;0.00;0.00;0.00;0.00;0.00;0.00;0.00;0.00;0.00;0.00;0.00;0.00;0.00;0.00;0.00;0.00;0.00;0.00;0.00;0.00;0.00;0.00;0.00;0.00;0.00;0.00;0.00;0.00;0.00;0.00;0.00;0.00;0.00;1.69;2.70;3.25;3.98;4.27;4.77;5.28;5.68;6.05;6.34;6.65;7.12;7.39;7.72;7.85;8.19;8.57;8.85;9.14;9.45;9.78;10.01;10.31;10.70;11.07;11.46;11.78;12.18;12.68;13.00;13.46;13.89;14.10;14.44;14.99;15.39;15.87;16.40;16.63;17.14;17.85;18.08;18.53;19.03;19.53;20.04;20.29;21.07;21.61;22.11;22.36;22.86;23.42;23.93;24.48;24.98;25.24;25.76;26.60;26.92;27.47;28.12;28.64;29.25;29.80;30.07;30.64;31.21;31.82;32.36;33.00;33.36;34.16;34.68;34.95;35.43;35.84;36.26;36.43;36.43;"
"ofFqra9x6j","Espresso, Cloud Picker, Blend","2020/07/29 13:05:56","92","10","4","[{”batch_name”:”Sam”,”roast_date”:”2020-07-13”,”dose”:17.4}]","24","1.45","36.270000457764","0.00;0.00;0.00;0.00;0.00;0.00;0.00;0.00;0.00;0.00;0.00;0.00;0.00;0.00;0.00;0.00;-40.75;4.92;0.02;0.00;0.00;0.00;0.01;0.02;0.01;0.02;0.02;0.02;0.01;0.01;0.02;0.03;0.02;0.01;0.00;0.00;0.00;0.00;0.00;0.00;0.00;0.00;0.00;0.00;0.00;0.00;0.00;0.00;0.50;0.97;1.90;2.21;2.72;3.28;3.61;3.79;4.06;4.40;4.66;4.97;5.20;5.46;5.78;6.05;6.23;6.51;6.88;7.12;7.56;7.96;8.12;8.67;9.10;9.30;9.76;10.26;10.69;11.12;11.58;12.05;12.32;13.10;13.41;13.91;14.43;14.91;15.48;15.98;16.29;16.83;17.40;17.92;18.50;19.08;19.65;19.86;20.52;21.05;21.58;22.26;22.75;23.39;23.96;24.57;25.14;25.46;26.07;26.54;27.21;27.72;28.37;29.04;29.85;30.29;30.92;31.27;32.00;32.59;33.20;33.71;34.40;34.65;35.23;35.98;36.27;"
"HwDhQSnUX9","Espresso, Cloud Picker, Blend","2020/07/29 12:49:57","92","9","4","[{”batch_name”:”Sam”,”roast_date”:”2020-07-13”,”dose”:17.6}]","38","1.24","41.459999084473","0.00;0.00;0.00;0.00;0.00;0.00;0.00;0.00;0.00;0.00;0.00;0.00;0.00;0.00;0.00;0.00;0.00;0.00;0.00;0.00;-0.01;-0.01;-0.01;-0.02;-0.02;-0.02;-0.02;-3.31;-5.23;-5.27;-5.27;-5.52;-5.69;-5.63;-5.63;-5.63;-5.65;-5.65;-5.66;-5.65;-5.48;-5.59;-5.59;-5.62;-5.59;-5.56;-5.78;-5.78;-5.91;-6.27;-6.57;-6.57;-6.23;-5.36;-4.43;-3.73;-3.01;-2.75;-2.09;-1.95;-1.56;-1.23;-1.07;-0.97;-0.67;-0.51;-0.50;-0.46;-0.21;-0.16;-0.06;-0.04;0.22;0.30;0.31;0.55;0.61;0.76;0.76;0.96;1.04;1.06;1.08;1.32;1.47;1.57;1.60;1.62;1.64;1.94;1.96;1.97;2.73;3.04;2.92;2.87;2.83;2.84;3.59;3.36;3.47;3.66;3.61;4.05;4.54;4.67;4.83;5.07;5.33;5.74;6.03;6.09;6.33;6.51;6.87;7.19;7.53;7.71;7.97;8.10;8.51;8.67;9.13;9.42;9.76;10.10;10.28;10.69;11.31;11.46;11.85;12.21;12.45;12.86;13.21;13.58;14.06;14.28;14.67;15.03;15.39;15.81;16.17;16.56;16.96;17.18;17.77;17.96;18.38;18.78;19.23;19.61;19.99;20.21;20.61;21.02;21.38;21.81;22.11;22.63;22.81;23.41;23.68;24.00;24.41;24.82;25.18;25.64;26.02;26.45;26.63;27.05;27.65;27.89;28.28;28.75;29.13;29.55;29.97;30.32;30.52;31.12;31.39;31.71;32.16;32.59;35.57;39.78;40.18;40.34;40.68;41.00;41.31;41.45;41.46;"
"hrBSFyYSkw","Espresso, Cloud Picker, Blend","2020/07/29 07:59:23","92","9","4","[{”batch_name”:”Sam”,”roast_date”:”2020-07-13”,”dose”:17.6}]","33","1.05","35.560001373291","0.00;0.00;0.00;0.00;0.00;0.00;-0.01;-0.02;-0.02;-0.02;-0.03;-0.03;-0.03;-0.03;-0.03;-0.03;-0.03;-0.03;-0.03;-0.03;-0.03;-0.02;-0.03;-0.03;-0.03;-0.03;-0.03;-0.03;-0.03;-0.03;-0.03;-0.03;-0.03;-0.03;-0.03;-0.03;-0.03;-0.03;-0.03;-0.03;-0.03;-0.03;-0.03;-0.03;-0.03;-0.03;-0.03;-0.03;-0.03;-0.03;-0.03;-0.03;0.91;1.26;1.29;1.37;1.68;1.68;1.72;1.95;2.07;2.04;2.06;2.07;2.36;2.42;2.44;2.62;2.71;2.76;2.79;2.99;3.07;3.15;3.17;3.40;3.54;3.56;3.77;3.84;3.97;3.99;4.30;4.40;4.62;4.80;4.88;5.09;5.41;5.58;5.70;5.90;6.15;6.35;6.66;6.89;6.90;7.41;7.59;7.89;8.14;8.44;8.76;9.10;9.32;9.85;10.09;10.32;10.66;11.05;11.43;11.80;12.21;12.60;12.95;13.33;13.56;14.00;14.30;14.76;15.17;15.62;16.11;16.29;16.93;17.18;17.54;18.03;18.49;18.82;19.17;19.75;19.99;20.43;20.79;21.27;21.78;22.18;22.62;23.07;23.53;23.68;24.16;24.64;25.09;25.57;26.05;26.50;26.92;27.32;27.61;28.14;28.55;29.03;29.40;29.92;30.41;30.63;31.25;31.56;32.06;32.57;33.04;33.53;34.06;34.40;34.57;34.98;35.39;35.56;"
"p4ax7iOQWi","Espresso, Cloud Picker, Blend","2020/07/29 07:53:59","92","9","4","[{”batch_name”:”Sam”,”roast_date”:”2020-07-13”,”dose”:17.6}]","30","1.17","36.369998931885","0.00;0.00;0.00;0.00;0.00;0.00;0.00;0.00;0.00;0.00;0.00;0.00;0.00;0.00;0.00;0.00;0.00;0.00;0.00;0.00;0.00;0.00;0.00;0.00;0.00;0.00;0.00;0.00;0.00;0.00;0.00;0.00;0.00;0.00;0.00;0.00;0.00;0.00;0.00;0.00;0.00;0.00;0.00;0.00;0.00;0.00;0.00;0.00;0.00;0.00;1.64;1.92;2.25;2.62;2.95;3.20;3.39;3.61;3.67;3.92;4.15;4.16;4.40;4.56;4.77;4.94;4.99;5.26;5.31;5.60;5.73;5.94;5.97;6.33;6.44;6.72;6.91;7.14;7.35;7.49;7.76;8.07;8.29;8.60;8.95;9.24;9.55;9.73;9.93;10.29;10.59;10.94;11.29;11.49;12.09;12.27;12.67;13.03;13.52;13.92;14.32;14.68;15.17;15.33;15.68;16.13;16.61;17.03;17.43;17.86;18.32;18.68;18.88;19.38;19.76;20.23;20.64;21.10;21.56;21.96;22.18;22.66;23.02;23.54;23.98;24.45;24.87;25.34;25.77;26.18;26.42;26.92;27.36;27.85;28.26;28.80;29.02;29.62;30.11;30.36;30.82;31.29;31.71;32.18;32.64;33.04;33.32;33.97;34.22;34.65;35.21;35.65;36.02;36.37;"
"EdFkLnXJEV","Espresso, Cloud Picker, Blend","2020/07/28 12:06:01","92","9","4","[{”batch_name”:”Sam”,”roast_date”:”2020-07-13”,”dose”:17.6}]","28","1.26","35.389999389648","0.00;0.00;0.00;0.00;0.00;0.00;0.01;0.02;0.02;0.02;0.02;0.02;0.02;0.02;0.02;0.01;0.01;0.01;0.01;0.00;0.00;0.00;0.00;0.00;0.00;0.00;0.00;0.00;0.00;0.00;0.00;0.00;0.00;0.00;0.00;0.00;0.00;0.00;0.00;0.00;0.00;0.00;0.00;0.00;0.00;0.00;0.00;0.00;0.00;0.63;1.52;1.83;2.17;2.37;2.52;2.92;3.03;3.20;3.37;3.64;3.84;4.00;4.22;4.32;4.58;4.91;5.13;5.24;5.50;5.76;5.88;6.23;6.54;6.85;7.16;7.51;7.64;8.00;8.35;8.69;9.13;9.51;9.88;10.07;10.48;10.89;11.38;11.71;12.17;12.59;12.96;13.48;13.92;14.21;14.64;15.03;15.52;16.10;16.54;17.03;17.56;17.78;18.26;18.78;19.25;19.76;20.33;20.75;21.26;21.76;21.92;22.49;23.36;23.56;24.05;24.66;25.22;25.64;26.23;26.57;27.32;27.70;28.15;28.76;29.20;29.59;30.24;30.95;31.27;31.71;32.31;32.98;33.42;33.92;34.43;34.93;35.34;35.39;35.36;35.37;35.37;35.39;"
"m42ln5BLKZ","Espresso, Cloud Picker, Blend","2020/07/28 12:00:34","92","8","4","[{”batch_name”:”Sam”,”roast_date”:”2020-07-13”,”dose”:17.6}]","34","4.46","33.900001525879","0.00;117.39;117.42;117.33;117.42;117.41;117.40;117.42;117.41;117.59;117.50;117.34;0.00;0.16;-0.23;-0.14;0.00;0.29;0.29;0.28;0.52;0.51;0.51;0.50;0.46;1.57;1.62;1.65;1.65;1.67;1.70;1.72;1.90;2.03;2.01;2.00;2.02;2.02;2.04;2.05;2.05;2.06;2.08;2.08;2.11;2.12;2.23;2.23;2.24;2.24;2.25;2.41;2.51;2.71;2.73;3.15;3.67;4.52;5.02;5.57;6.10;6.35;6.53;6.91;6.99;7.00;7.49;7.59;7.60;7.81;7.90;8.03;8.20;8.21;8.28;8.53;8.64;8.67;8.94;9.01;9.09;9.34;9.46;9.63;9.71;9.80;10.01;10.17;10.18;10.45;10.59;10.86;11.02;11.27;11.43;11.57;11.77;12.04;12.32;12.46;12.77;12.99;13.26;13.55;13.67;14.08;14.26;14.67;14.78;15.13;15.41;15.73;15.90;16.17;16.49;16.84;17.16;17.45;17.85;18.14;18.39;18.76;19.14;19.53;19.68;20.06;20.42;20.74;21.17;21.51;21.89;22.22;22.68;22.82;23.16;23.56;23.95;24.31;24.65;24.88;25.22;25.68;26.07;26.47;26.92;27.36;27.82;28.22;28.34;29.01;29.37;29.51;29.92;30.34;30.60;30.90;31.07;31.41;31.63;31.82;32.18;32.51;32.90;33.11;33.40;33.68;33.68;33.68;33.71;33.73;33.90;"
"glj8gQowmT","Espresso, Cloud Picker, Blend","2020/07/28 08:00:14","92","8","4","[{”batch_name”:”Sam”,”roast_date”:”2020-07-13”,”dose”:17.6}]","37","0.93","35.209999084473","0.00;128.41;128.22;128.22;128.22;0.00;0.00;0.00;0.19;0.27;0.44;0.41;0.40;0.43;0.45;0.45;0.45;0.46;0.49;0.50;0.50;0.50;0.49;0.50;0.50;0.50;0.51;0.98;1.03;0.97;0.98;0.98;0.98;0.97;0.97;0.97;0.97;0.98;0.98;0.98;1.00;1.01;1.02;1.03;1.04;1.03;1.03;1.03;1.03;1.03;1.04;1.04;1.03;1.01;1.01;1.01;1.00;1.01;1.00;1.00;1.00;1.45;1.87;2.06;2.25;2.28;2.40;2.42;2.69;2.80;2.82;3.02;3.08;3.09;3.11;3.42;3.49;3.50;3.75;3.88;3.90;4.17;4.30;4.41;4.42;4.44;4.69;4.85;4.89;5.18;5.35;5.59;5.74;5.81;6.00;6.15;6.30;6.60;6.88;6.90;7.22;7.46;7.57;7.82;8.16;8.35;8.50;8.88;9.05;9.43;9.55;9.84;10.18;10.46;10.73;11.06;11.31;11.48;11.77;12.27;12.39;12.71;13.03;13.36;13.51;13.87;14.14;14.46;14.80;15.21;15.49;15.83;16.18;16.56;16.92;17.07;17.45;17.99;18.13;18.54;18.86;19.16;19.53;19.86;20.03;20.38;20.81;21.18;21.58;21.93;22.27;22.62;22.78;23.22;23.62;24.01;24.30;24.68;25.07;25.43;25.80;25.92;26.37;26.75;27.11;27.46;27.81;28.26;28.70;28.82;29.42;29.61;30.01;30.31;30.67;31.09;31.51;31.88;32.29;32.48;32.79;33.12;33.09;33.73;34.23;34.39;34.79;35.09;35.21;"
"SQ8vzUQ79R","Espresso, Cloud Picker, Blend","2020/07/28 07:53:30","92","8","4","[{”batch_name”:”Sam”,”roast_date”:”2020-07-13”,”dose”:17.5}]","33","1.05","35.479999542236","0.00;0.00;0.00;0.00;0.00;0.00;0.00;0.00;0.00;0.00;0.00;0.00;0.00;0.00;0.00;0.00;0.00;0.00;0.00;0.00;0.00;-0.75;-0.73;-0.63;-0.45;-0.31;0.00;0.00;-0.03;-0.05;-0.05;-0.05;0.00;-0.02;-0.02;-0.03;-0.03;-0.03;-0.03;-0.03;-0.03;-0.03;-0.02;-0.02;-0.02;-0.01;-0.01;-0.02;0.19;0.74;1.40;1.72;1.87;2.23;2.40;2.51;2.77;2.99;3.01;3.24;3.31;3.40;3.67;3.63;3.85;3.89;3.95;4.12;4.19;4.29;4.48;4.55;4.71;4.80;5.02;5.13;5.21;5.43;5.55;5.55;5.58;5.84;6.03;6.26;6.48;6.62;6.94;7.04;7.23;7.47;7.65;7.76;8.09;8.32;8.60;8.85;8.87;9.34;9.53;9.89;10.23;10.49;10.87;11.09;11.16;11.77;11.99;12.40;12.79;13.17;13.53;13.89;14.24;14.55;14.78;15.25;15.65;16.03;16.48;16.96;17.21;17.68;18.01;18.24;18.66;19.01;19.52;19.79;20.46;20.90;21.11;21.68;22.09;22.37;22.78;23.26;23.68;24.09;24.18;24.43;25.03;25.38;25.79;26.17;26.52;27.20;27.62;28.06;28.21;28.64;29.50;29.42;29.52;30.28;30.65;30.81;31.43;31.11;31.32;33.17;33.80;34.20;34.61;34.71;35.34;35.42;35.47;35.48;35.50;35.48;"
"e3qSNK2yBU","Espresso, Cloud Picker, Blend","2020/07/27 10:10:32","92","8","4","[{”batch_name”:”Sam”,”roast_date”:”2020-07-13”,”dose”:17.5}]","30","1.19","35.669998168945","0.00;0.00;0.00;0.00;0.00;0.00;0.00;0.00;0.00;0.00;0.00;0.00;0.00;0.00;0.00;0.00;0.00;-0.01;-0.02;-0.02;-0.02;-0.02;-0.03;-0.03;-0.03;-0.03;-0.03;-0.03;-0.03;-0.03;-0.03;-0.03;-0.03;-0.03;-0.03;-0.03;-0.03;-0.03;-0.03;-0.03;-0.04;-0.04;-0.04;-0.04;-0.04;-0.04;-0.04;-0.05;-0.05;-0.05;-0.05;-0.06;-0.06;-0.05;0.46;1.36;1.68;1.94;2.03;2.22;2.42;2.55;2.79;2.89;2.98;3.25;3.30;3.44;3.67;3.84;4.06;4.19;4.30;4.47;4.74;4.94;5.09;5.40;5.65;5.76;6.02;6.19;6.62;6.91;7.09;7.41;7.64;7.99;8.26;8.60;8.94;9.30;9.51;9.83;10.20;10.58;10.94;11.29;11.55;12.18;12.35;12.73;13.13;13.56;14.01;14.46;14.86;15.26;15.78;16.18;16.45;16.95;17.40;17.86;18.36;18.63;19.31;19.57;20.07;20.52;21.00;21.40;21.87;22.53;22.93;23.24;23.74;24.32;24.86;25.11;25.92;26.16;26.92;27.50;27.99;28.30;28.82;29.32;29.89;30.39;30.66;31.46;32.05;32.31;32.86;33.39;33.93;34.41;34.84;35.30;35.67;"
"RisU1PE99w","Espresso, Full Circle, Colombia","2020/07/27 09:56:54","92","6","4","[{”batch_name”:”El Aguila”,”roast_date”:”2020-07-01”,”dose”:17.5}]","32","1.37","36.319999694824","0.00;0.00;0.00;0.00;0.00;0.00;0.00;0.00;0.00;0.00;0.00;0.00;0.00;0.00;0.00;0.00;0.00;0.00;-0.94;-0.66;-0.55;-0.55;-0.37;-0.28;-0.30;-0.54;-0.14;-0.18;-0.71;-33.52;6.32;-0.75;-0.59;-0.50;-0.30;-0.10;-0.06;-0.06;-0.06;-0.04;-0.03;-0.03;-0.03;-0.04;-0.28;-0.45;-0.38;-0.16;-0.04;0.55;0.91;1.33;1.65;1.96;2.20;2.50;2.80;3.04;3.14;3.36;3.44;3.69;3.78;4.02;4.19;4.22;4.57;4.60;4.72;4.92;5.05;5.10;5.33;5.43;5.50;5.77;5.81;5.91;6.22;6.34;6.51;6.70;6.83;7.04;7.28;7.59;7.66;7.85;8.10;8.23;8.53;9.01;9.29;9.51;9.87;10.05;10.24;10.68;11.03;11.27;11.60;11.82;12.38;12.54;13.00;13.35;13.71;14.10;14.57;14.91;15.16;15.53;15.91;16.36;16.77;17.27;17.60;18.08;18.59;19.07;19.49;19.70;20.21;20.85;21.34;21.82;22.10;22.57;23.18;23.62;24.11;24.63;25.09;25.34;26.12;26.56;27.03;27.23;27.78;28.25;28.75;29.21;29.75;30.18;30.71;31.25;31.42;31.98;32.43;32.93;33.36;33.86;34.22;34.84;35.04;35.52;35.80;36.20;36.31;36.32;36.32;"
"RNnGQiER2m","Espresso, Full Circle, Colombia","2020/07/27 08:28:32","92","6","4","[{”batch_name”:”El Aguila”,”roast_date”:”2020-07-01”,”dose”:17.5}]","30","1.22","36.919998168945","0.00;0.00;0.00;0.00;0.00;0.00;0.00;0.00;0.00;0.00;0.00;0.00;0.00;0.00;0.00;0.00;0.00;0.00;0.00;0.00;-0.35;-0.26;-0.25;-0.23;-0.21;-0.19;-0.19;-0.18;-0.18;-0.19;-0.19;-0.21;-0.21;-0.21;-0.21;-0.21;-0.21;-0.21;-0.21;-0.22;-0.21;-0.21;-0.21;-0.21;-0.61;-0.76;-0.92;-0.84;-0.84;-0.85;-0.63;0.20;0.82;1.47;1.79;2.31;2.82;3.01;3.38;3.73;3.81;4.02;4.42;4.40;4.48;4.92;5.00;5.15;5.56;5.68;5.81;6.09;6.39;6.51;6.80;7.01;7.16;7.53;7.70;7.93;8.05;8.45;8.68;8.98;9.07;9.51;9.67;10.01;10.37;10.65;11.01;11.26;11.64;11.82;12.06;12.37;12.80;13.14;13.58;14.00;14.35;14.68;14.94;15.28;15.83;16.01;16.40;16.83;17.18;17.67;17.98;18.28;18.63;19.06;19.43;20.01;20.36;20.77;21.24;21.66;21.98;22.56;22.75;23.21;23.66;24.17;24.56;24.96;25.47;25.86;26.07;26.59;27.13;27.51;27.97;28.18;28.70;29.48;29.64;30.04;30.53;31.03;31.53;31.76;32.23;32.96;33.43;33.62;34.29;34.91;35.65;35.97;36.37;36.70;36.92;"
"typu6SyDjU","Espresso, Full Circle, Colombia","2020/07/22 09:53:58","92","7","4","[{”batch_name”:”El Aguila”,”roast_date”:”2020-07-01”,”dose”:17.5}]","27","1.31","35.729999542236","0.00;-0.40;-0.42;-0.42;-0.42;-0.43;-0.43;-0.44;-0.45;-0.47;-0.48;-0.50;-0.55;-0.55;-0.51;-0.50;-0.55;-0.51;-0.51;-0.51;-0.50;-0.50;-0.48;-0.72;-1.04;-1.03;-1.05;-1.04;-1.04;-1.04;-1.04;-1.05;-1.05;-1.07;-1.07;-1.07;-1.07;-1.07;-1.07;-1.07;-1.07;-1.07;-1.07;-1.07;-1.09;-1.09;-1.09;-1.09;-1.09;-1.09;-1.09;-0.70;-0.74;-0.76;-0.77;-0.28;0.58;1.46;2.21;2.88;3.53;3.90;4.35;4.96;5.23;5.73;6.09;6.35;6.74;7.08;7.22;7.53;7.99;8.14;8.45;8.74;9.05;9.39;9.76;10.07;10.44;10.60;10.95;11.38;11.75;12.19;12.74;13.30;13.78;13.96;14.36;14.68;15.12;15.70;16.18;16.59;17.02;17.21;17.78;18.59;18.86;19.41;19.86;20.46;20.73;21.43;21.72;22.62;22.86;23.47;23.99;24.51;25.08;25.70;26.28;26.46;27.13;27.65;28.17;28.67;29.32;29.60;30.16;30.76;31.34;31.86;32.39;32.95;33.30;33.82;34.29;34.70;34.91;35.39;35.65;35.71;35.73;35.73;"
"bAPHe1RG60","Espresso, Cloud Picker, Colombia","2020/07/21 18:24:44","92","6","4","[{”batch_name”:”Excelso”,”roast_date”:”2020-07-15”,”dose”:17.6}]","24","1.51","36.150001525879","0.00;0.17;0.17;0.17;0.17;0.18;0.18;0.17;0.17;0.17;0.16;0.15;0.15;-0.19;-0.96;-1.28;-1.42;-1.54;-1.54;-1.51;-1.49;-1.49;-1.49;-1.48;-1.47;-1.47;-1.47;-1.35;-1.33;-1.33;-1.34;-1.33;-1.32;-1.32;-1.33;-1.32;-1.32;-1.31;-1.31;-1.31;-1.29;-1.29;-1.28;-1.26;-1.12;-1.11;-0.71;0.45;1.60;2.12;3.42;5.02;5.55;6.34;6.93;7.58;8.16;8.37;9.05;9.32;9.98;10.35;10.71;11.09;11.60;12.17;12.80;13.08;13.48;13.87;14.33;14.68;15.26;15.56;15.76;16.25;16.65;17.16;17.71;18.11;18.61;19.18;19.63;19.88;20.33;20.77;21.22;21.64;22.15;22.53;23.06;23.62;23.93;24.55;24.77;25.17;25.68;26.13;26.70;26.93;27.39;27.68;28.14;28.75;29.26;29.77;30.28;30.81;31.25;31.42;31.89;32.32;32.73;33.22;33.68;34.07;34.21;34.98;35.26;35.72;36.05;36.14;36.15;"
"0gVEVRLxEq","Espresso, Cloud Picker, Colombia","2020/07/21 14:45:17","0","7","4","[{”batch_name”:”Excelso”,”roast_date”:”2020-07-15”,”dose”:17.1}]","16","2.28","34.290000915527","0.00;-0.44;-0.45;-0.45;-0.45;-0.47;-0.47;-0.48;-0.48;-0.47;-0.47;-0.47;-1.19;-2.13;-2.21;-2.19;-2.17;-2.17;-2.17;-2.18;-2.18;-2.18;-2.18;-2.19;-2.20;-2.19;-2.18;-2.17;-2.17;-2.16;-2.16;-2.16;-2.14;-2.14;-2.13;-2.13;-2.08;-2.08;-1.79;-1.32;-0.93;-0.20;0.59;1.01;1.33;2.67;3.53;4.09;5.19;6.16;7.38;8.14;8.64;9.51;10.26;11.20;12.02;12.79;13.60;14.40;15.20;15.96;16.25;17.16;17.86;18.64;19.41;20.14;20.90;21.74;22.43;22.83;23.65;24.43;24.75;25.86;26.71;27.40;28.25;29.00;34.30;34.29;"
"jYpb3GoyWv","Espresso, Cloud Picker, Colombia","2020/07/18 16:29:08","92","10","1","[{”batch_name”:”Excelso”,”roast_date”:”2020-07-15”,”dose”:17,”decaf”:”true”}]","18","1.77","33.569999694824","0.00;134.61;134.61;134.62;134.62;0.00;0.00;0.00;0.00;0.00;0.00;0.00;0.00;0.00;0.00;0.00;0.00;0.00;0.00;0.00;0.00;0.00;0.00;0.00;-0.07;-0.07;-0.07;-0.06;-0.06;0.00;0.00;0.00;0.00;0.00;0.00;0.00;0.00;0.00;0.00;0.00;0.00;0.00;0.00;0.00;0.66;2.36;3.04;4.10;5.29;6.28;7.30;8.42;9.24;9.60;10.51;11.28;12.09;12.89;13.62;14.33;15.03;15.71;16.40;17.07;17.40;17.96;18.70;19.31;19.96;20.60;20.86;21.51;22.03;22.68;23.25;23.81;24.40;24.93;25.63;25.90;26.42;27.01;27.57;28.11;28.73;28.93;29.82;30.11;30.68;31.14;31.78;32.31;32.73;33.20;33.57;"
"8eoZYh0EY9","Espresso, Notes, Blend","2020/07/17 13:20:06","0","8","4","[{”batch_name”:”Black Honey”,”roast_date”:”2020-06-23”,”dose”:18}]","27","1.40","37.799999237061","0.00;134.14;133.48;133.53;133.51;0.00;0.00;0.00;0.00;0.00;0.00;0.00;0.00;0.00;0.00;0.00;0.00;0.00;0.00;0.00;0.00;0.00;0.00;0.00;0.00;0.00;0.00;0.00;0.00;0.00;0.00;0.00;0.00;0.00;0.00;0.00;0.00;0.00;0.00;0.00;0.00;0.00;0.00;0.00;0.00;0.00;0.00;0.00;0.00;0.10;1.13;1.42;2.62;3.38;4.10;4.85;5.27;6.02;6.16;6.73;7.22;7.69;8.21;8.67;9.16;9.60;10.03;10.29;11.24;11.56;12.11;12.68;13.30;13.87;14.51;14.82;15.40;16.06;17.01;17.36;17.91;18.51;19.23;19.86;20.20;20.84;21.50;22.09;22.79;23.51;23.76;24.42;25.37;25.70;26.40;27.05;27.73;28.34;29.02;29.37;30.07;30.76;31.47;32.20;32.81;33.46;34.22;34.87;35.45;35.78;36.34;36.82;37.21;37.56;37.68;37.70;37.71;37.72;37.72;37.73;37.73;37.73;37.73;37.75;37.76;37.77;37.78;37.78;37.79;37.79;37.79;37.79;37.79;37.79;37.80;37.80;37.80;"
"aFpghEuDo4","Espresso, Notes, Blend","2020/07/17 13:08:31","0","8","4","[{”batch_name”:”Black Honey”,”roast_date”:”2020-06-23”,”dose”:18}]","20","8.41","32.819999694824","0.00;134.22;134.20;134.18;134.17;134.17;134.17;0.00;0.00;0.00;0.00;0.00;0.00;0.00;0.00;0.00;0.00;-0.16;-0.40;-0.49;-0.71;-0.85;-0.88;-0.93;-0.95;-0.96;-0.97;-0.97;-0.97;-0.98;-0.97;-0.97;-0.96;-0.96;-0.97;-0.97;-0.98;-0.99;-0.99;-0.99;-0.99;-0.99;-1.09;-1.13;-1.11;-1.11;-1.12;-0.60;0.26;1.43;2.58;3.25;4.82;5.54;5.98;6.65;7.38;7.93;8.55;9.25;9.74;10.30;10.92;11.16;11.73;12.28;12.89;13.56;14.14;14.76;15.31;15.51;16.06;16.66;17.20;17.84;18.43;18.99;19.29;19.91;20.91;21.17;21.75;22.46;23.05;23.72;24.33;24.67;25.30;25.99;26.62;27.32;27.97;28.29;28.95;29.93;30.22;30.85;31.50;32.22;32.82;"
